image_id,source_dataset,rel_path,race_cat,gender_cat,age_num,width,height,age_cat,service_test,split
UTK_7_0_0_20170110225109143.jpg.chip,UTKFace,UTKFace/7_0_0_20170110225109143.jpg.chip.jpg,White,Male,7.0,200.0,200.0,,,train
FF_45496,FairFace,FairFace/train/45496.jpg,Black,Male,,,,30-39,True,train
UTK_33_1_3_20170119200543308.jpg.chip,UTKFace,UTKFace/33_1_3_20170119200543308.jpg.chip.jpg,SouthAsian,Female,33.0,200.0,200.0,,,train
FF_52004,FairFace,FairFace/train/52004.jpg,Black,Male,,,,10-19,True,train
FF_7982,FairFace,FairFace/train/7982.jpg,White,Male,,,,30-39,False,train
FF_59651,FairFace,FairFace/train/59651.jpg,Black,Male,,,,30-39,False,train
UTK_40_0_3_20170119175332114.jpg.chip,UTKFace,UTKFace/40_0_3_20170119175332114.jpg.chip.jpg,SouthAsian,Male,40.0,200.0,200.0,,,train
UTK_35_1_1_20170113011001766.jpg.chip,UTKFace,UTKFace/35_1_1_20170113011001766.jpg.chip.jpg,Black,Female,35.0,200.0,200.0,,,train
UTK_26_1_1_20170116223115624.jpg.chip,UTKFace,UTKFace/26_1_1_20170116223115624.jpg.chip.jpg,Black,Female,26.0,200.0,200.0,,,train
FF_1526,FairFace,FairFace/val/1526.jpg,Black,Female,,,,10-19,False,train
UTK_28_1_2_20170116165133825.jpg.chip,UTKFace,UTKFace/28_1_2_20170116165133825.jpg.chip.jpg,EastAsian,Female,28.0,200.0,200.0,,,train
UTK_26_1_3_20170104214715278.jpg.chip,UTKFace,UTKFace/26_1_3_20170104214715278.jpg.chip.jpg,SouthAsian,Female,26.0,200.0,200.0,,,train
UTK_80_1_0_20170110151356634.jpg.chip,UTKFace,UTKFace/80_1_0_20170110151356634.jpg.chip.jpg,White,Female,80.0,200.0,200.0,,,train
FF_46516,FairFace,FairFace/train/46516.jpg,Black,Female,,,,30-39,False,train
FF_24868,FairFace,FairFace/train/24868.jpg,White,Male,,,,30-39,False,train
FF_71554,FairFace,FairFace/train/71554.jpg,White,Female,,,,3-9,False,train
UTK_32_0_1_20170117140609238.jpg.chip,UTKFace,UTKFace/32_0_1_20170117140609238.jpg.chip.jpg,Black,Male,32.0,200.0,200.0,,,train
UTK_29_1_1_20170112235043081.jpg.chip,UTKFace,UTKFace/29_1_1_20170112235043081.jpg.chip.jpg,Black,Female,29.0,200.0,200.0,,,train
FF_63241,FairFace,FairFace/train/63241.jpg,Black,Male,,,,3-9,False,train
UTK_34_0_2_20170105173426253.jpg.chip,UTKFace,UTKFace/34_0_2_20170105173426253.jpg.chip.jpg,EastAsian,Male,34.0,200.0,200.0,,,train
UTK_26_1_3_20170104222740327.jpg.chip,UTKFace,UTKFace/26_1_3_20170104222740327.jpg.chip.jpg,SouthAsian,Female,26.0,200.0,200.0,,,train
UTK_26_1_3_20170104223022663.jpg.chip,UTKFace,UTKFace/26_1_3_20170104223022663.jpg.chip.jpg,SouthAsian,Female,26.0,200.0,200.0,,,train
FF_6299,FairFace,FairFace/train/6299.jpg,Black,Female,,,,30-39,False,train
UTK_34_0_3_20170109140934624.jpg.chip,UTKFace,UTKFace/34_0_3_20170109140934624.jpg.chip.jpg,SouthAsian,Male,34.0,200.0,200.0,,,train
FF_12807,FairFace,FairFace/train/12807.jpg,White,Male,,,,50-59,False,train
FF_6945,FairFace,FairFace/train/6945.jpg,Black,Male,,,,30-39,False,train
FF_65124,FairFace,FairFace/train/65124.jpg,White,Female,,,,30-39,False,train
FF_6761,FairFace,FairFace/val/6761.jpg,Black,Male,,,,20-29,True,train
FF_14854,FairFace,FairFace/train/14854.jpg,White,Male,,,,20-29,False,train
UTK_29_1_1_20170116231920226.jpg.chip,UTKFace,UTKFace/29_1_1_20170116231920226.jpg.chip.jpg,Black,Female,29.0,200.0,200.0,,,train
UTK_27_0_0_20170116204136393.jpg.chip,UTKFace,UTKFace/27_0_0_20170116204136393.jpg.chip.jpg,White,Male,27.0,200.0,200.0,,,train
FF_44266,FairFace,FairFace/train/44266.jpg,White,Female,,,,20-29,False,train
FF_66522,FairFace,FairFace/train/66522.jpg,White,Female,,,,30-39,True,train
FF_47318,FairFace,FairFace/train/47318.jpg,White,Male,,,,0-2,False,train
FF_4105,FairFace,FairFace/val/4105.jpg,White,Female,,,,50-59,False,train
FF_68894,FairFace,FairFace/train/68894.jpg,White,Male,,,,50-59,False,train
FF_30682,FairFace,FairFace/train/30682.jpg,White,Female,,,,20-29,True,train
UTK_38_1_1_20170112231350830.jpg.chip,UTKFace,UTKFace/38_1_1_20170112231350830.jpg.chip.jpg,Black,Female,38.0,200.0,200.0,,,train
FF_46427,FairFace,FairFace/train/46427.jpg,White,Male,,,,50-59,False,train
FF_84552,FairFace,FairFace/train/84552.jpg,White,Male,,,,40-49,False,train
UTK_1_1_2_20161219162730478.jpg.chip,UTKFace,UTKFace/1_1_2_20161219162730478.jpg.chip.jpg,EastAsian,Female,1.0,200.0,200.0,,,train
FF_9834,FairFace,FairFace/val/9834.jpg,Black,Male,,,,20-29,True,train
FF_70540,FairFace,FairFace/train/70540.jpg,White,Female,,,,30-39,False,train
FF_53178,FairFace,FairFace/train/53178.jpg,White,Male,,,,20-29,True,train
UTK_29_0_3_20170119195116490.jpg.chip,UTKFace,UTKFace/29_0_3_20170119195116490.jpg.chip.jpg,SouthAsian,Male,29.0,200.0,200.0,,,train
UTK_2_0_2_20161219203828132.jpg.chip,UTKFace,UTKFace/2_0_2_20161219203828132.jpg.chip.jpg,EastAsian,Male,2.0,200.0,200.0,,,train
FF_79330,FairFace,FairFace/train/79330.jpg,Black,Male,,,,20-29,True,train
UTK_29_0_0_20170117202657886.jpg.chip,UTKFace,UTKFace/29_0_0_20170117202657886.jpg.chip.jpg,White,Male,29.0,200.0,200.0,,,train
FF_57001,FairFace,FairFace/train/57001.jpg,White,Female,,,,20-29,False,train
UTK_1_0_3_20161219225808112.jpg.chip,UTKFace,UTKFace/1_0_3_20161219225808112.jpg.chip.jpg,SouthAsian,Male,1.0,200.0,200.0,,,train
UTK_30_1_2_20170116163932623.jpg.chip,UTKFace,UTKFace/30_1_2_20170116163932623.jpg.chip.jpg,EastAsian,Female,30.0,200.0,200.0,,,train
UTK_26_1_3_20170117174059493.jpg.chip,UTKFace,UTKFace/26_1_3_20170117174059493.jpg.chip.jpg,SouthAsian,Female,26.0,200.0,200.0,,,train
UTK_20_1_0_20170109214040024.jpg.chip,UTKFace,UTKFace/20_1_0_20170109214040024.jpg.chip.jpg,White,Female,20.0,200.0,200.0,,,train
FF_75188,FairFace,FairFace/train/75188.jpg,White,Male,,,,30-39,True,train
UTK_35_0_3_20170119200930924.jpg.chip,UTKFace,UTKFace/35_0_3_20170119200930924.jpg.chip.jpg,SouthAsian,Male,35.0,200.0,200.0,,,train
FF_3667,FairFace,FairFace/train/3667.jpg,White,Female,,,,50-59,False,train
FF_82254,FairFace,FairFace/train/82254.jpg,Black,Female,,,,30-39,False,train
FF_23007,FairFace,FairFace/train/23007.jpg,White,Male,,,,20-29,True,train
UTK_20_1_3_20170104222019511.jpg.chip,UTKFace,UTKFace/20_1_3_20170104222019511.jpg.chip.jpg,SouthAsian,Female,20.0,200.0,200.0,,,train
UTK_40_0_3_20170119204129150.jpg.chip,UTKFace,UTKFace/40_0_3_20170119204129150.jpg.chip.jpg,SouthAsian,Male,40.0,200.0,200.0,,,train
UTK_16_1_3_20170104222158160.jpg.chip,UTKFace,UTKFace/16_1_3_20170104222158160.jpg.chip.jpg,SouthAsian,Female,16.0,200.0,200.0,,,train
FF_16664,FairFace,FairFace/train/16664.jpg,White,Female,,,,50-59,True,train
FF_8516,FairFace,FairFace/train/8516.jpg,Black,Male,,,,20-29,True,train
FF_76092,FairFace,FairFace/train/76092.jpg,White,Female,,,,20-29,False,train
UTK_47_1_3_20170119200858036.jpg.chip,UTKFace,UTKFace/47_1_3_20170119200858036.jpg.chip.jpg,SouthAsian,Female,47.0,200.0,200.0,,,train
FF_25302,FairFace,FairFace/train/25302.jpg,White,Female,,,,20-29,False,train
FF_70368,FairFace,FairFace/train/70368.jpg,White,Male,,,,20-29,True,train
FF_67489,FairFace,FairFace/train/67489.jpg,Black,Male,,,,50-59,False,train
FF_4508,FairFace,FairFace/train/4508.jpg,White,Female,,,,30-39,True,train
FF_16829,FairFace,FairFace/train/16829.jpg,Black,Female,,,,30-39,True,train
UTK_65_0_3_20170119203933382.jpg.chip,UTKFace,UTKFace/65_0_3_20170119203933382.jpg.chip.jpg,SouthAsian,Male,65.0,200.0,200.0,,,train
UTK_35_1_0_20170117191606659.jpg.chip,UTKFace,UTKFace/35_1_0_20170117191606659.jpg.chip.jpg,White,Female,35.0,200.0,200.0,,,train
FF_84978,FairFace,FairFace/train/84978.jpg,White,Male,,,,40-49,False,train
FF_3257,FairFace,FairFace/val/3257.jpg,White,Female,,,,20-29,False,train
UTK_1_1_2_20161219194839971.jpg.chip,UTKFace,UTKFace/1_1_2_20161219194839971.jpg.chip.jpg,EastAsian,Female,1.0,200.0,200.0,,,train
FF_1149,FairFace,FairFace/train/1149.jpg,Black,Male,,,,3-9,False,train
UTK_1_0_2_20161219205836181.jpg.chip,UTKFace,UTKFace/1_0_2_20161219205836181.jpg.chip.jpg,EastAsian,Male,1.0,200.0,200.0,,,train
FF_41870,FairFace,FairFace/train/41870.jpg,White,Female,,,,30-39,False,train
FF_1190,FairFace,FairFace/val/1190.jpg,Black,Female,,,,10-19,True,train
FF_42635,FairFace,FairFace/train/42635.jpg,Black,Female,,,,30-39,True,train
FF_9734,FairFace,FairFace/val/9734.jpg,White,Female,,,,10-19,False,train
FF_85787,FairFace,FairFace/train/85787.jpg,Black,Female,,,,3-9,False,train
FF_15607,FairFace,FairFace/train/15607.jpg,White,Male,,,,20-29,False,train
FF_74489,FairFace,FairFace/train/74489.jpg,Black,Female,,,,3-9,True,train
UTK_32_1_1_20170117140855418.jpg.chip,UTKFace,UTKFace/32_1_1_20170117140855418.jpg.chip.jpg,Black,Female,32.0,200.0,200.0,,,train
UTK_2_1_2_20161219155720461.jpg.chip,UTKFace,UTKFace/2_1_2_20161219155720461.jpg.chip.jpg,EastAsian,Female,2.0,200.0,200.0,,,train
FF_4889,FairFace,FairFace/val/4889.jpg,White,Female,,,,20-29,False,train
FF_37456,FairFace,FairFace/train/37456.jpg,Black,Male,,,,3-9,False,train
UTK_22_1_2_20170104020035915.jpg.chip,UTKFace,UTKFace/22_1_2_20170104020035915.jpg.chip.jpg,EastAsian,Female,22.0,200.0,200.0,,,train
FF_52437,FairFace,FairFace/train/52437.jpg,Black,Female,,,,30-39,False,train
FF_57849,FairFace,FairFace/train/57849.jpg,White,Male,,,,20-29,True,train
FF_34696,FairFace,FairFace/train/34696.jpg,White,Male,,,,20-29,False,train
FF_9117,FairFace,FairFace/train/9117.jpg,Black,Female,,,,30-39,True,train
UTK_24_1_2_20170116172739067.jpg.chip,UTKFace,UTKFace/24_1_2_20170116172739067.jpg.chip.jpg,EastAsian,Female,24.0,200.0,200.0,,,train
FF_18666,FairFace,FairFace/train/18666.jpg,White,Male,,,,3-9,True,train
FF_5275,FairFace,FairFace/train/5275.jpg,White,Male,,,,40-49,False,train
FF_7508,FairFace,FairFace/train/7508.jpg,White,Female,,,,30-39,False,train
UTK_83_0_0_20170120225615281.jpg.chip,UTKFace,UTKFace/83_0_0_20170120225615281.jpg.chip.jpg,White,Male,83.0,200.0,200.0,,,train
FF_28172,FairFace,FairFace/train/28172.jpg,Black,Female,,,,20-29,True,train
FF_56082,FairFace,FairFace/train/56082.jpg,Black,Male,,,,50-59,False,train
FF_44954,FairFace,FairFace/train/44954.jpg,Black,Male,,,,10-19,True,train
UTK_26_1_3_20170119193143376.jpg.chip,UTKFace,UTKFace/26_1_3_20170119193143376.jpg.chip.jpg,SouthAsian,Female,26.0,200.0,200.0,,,train
UTK_4_0_2_20161219154925917.jpg.chip,UTKFace,UTKFace/4_0_2_20161219154925917.jpg.chip.jpg,EastAsian,Male,4.0,200.0,200.0,,,train
UTK_34_0_3_20170119200815948.jpg.chip,UTKFace,UTKFace/34_0_3_20170119200815948.jpg.chip.jpg,SouthAsian,Male,34.0,200.0,200.0,,,train
FF_30438,FairFace,FairFace/train/30438.jpg,White,Male,,,,10-19,True,train
UTK_47_0_3_20170116184916978.jpg.chip,UTKFace,UTKFace/47_0_3_20170116184916978.jpg.chip.jpg,SouthAsian,Male,47.0,200.0,200.0,,,train
UTK_26_1_2_20170116175505151.jpg.chip,UTKFace,UTKFace/26_1_2_20170116175505151.jpg.chip.jpg,EastAsian,Female,26.0,200.0,200.0,,,train
UTK_7_1_3_20161220221712842.jpg.chip,UTKFace,UTKFace/7_1_3_20161220221712842.jpg.chip.jpg,SouthAsian,Female,7.0,200.0,200.0,,,train
FF_2126,FairFace,FairFace/train/2126.jpg,White,Male,,,,20-29,True,train
FF_33083,FairFace,FairFace/train/33083.jpg,Black,Male,,,,40-49,False,train
FF_40444,FairFace,FairFace/train/40444.jpg,Black,Male,,,,30-39,False,train
UTK_30_1_2_20170116165039591.jpg.chip,UTKFace,UTKFace/30_1_2_20170116165039591.jpg.chip.jpg,EastAsian,Female,30.0,200.0,200.0,,,train
UTK_34_1_3_20170104235537715.jpg.chip,UTKFace,UTKFace/34_1_3_20170104235537715.jpg.chip.jpg,SouthAsian,Female,34.0,200.0,200.0,,,train
UTK_39_0_1_20170116010441172.jpg.chip,UTKFace,UTKFace/39_0_1_20170116010441172.jpg.chip.jpg,Black,Male,39.0,200.0,200.0,,,train
FF_69552,FairFace,FairFace/train/69552.jpg,White,Female,,,,40-49,True,train
FF_79782,FairFace,FairFace/train/79782.jpg,Black,Male,,,,20-29,True,train
UTK_25_0_3_20170119163012781.jpg.chip,UTKFace,UTKFace/25_0_3_20170119163012781.jpg.chip.jpg,SouthAsian,Male,25.0,200.0,200.0,,,train
UTK_38_1_3_20170105003415085.jpg.chip,UTKFace,UTKFace/38_1_3_20170105003415085.jpg.chip.jpg,SouthAsian,Female,38.0,200.0,200.0,,,train
UTK_26_1_3_20170104223133454.jpg.chip,UTKFace,UTKFace/26_1_3_20170104223133454.jpg.chip.jpg,SouthAsian,Female,26.0,200.0,200.0,,,train
FF_83753,FairFace,FairFace/train/83753.jpg,White,Female,,,,50-59,False,train
UTK_76_1_2_20170112205409556.jpg.chip,UTKFace,UTKFace/76_1_2_20170112205409556.jpg.chip.jpg,EastAsian,Female,76.0,200.0,200.0,,,train
FF_40395,FairFace,FairFace/train/40395.jpg,Black,Female,,,,30-39,True,train
FF_43972,FairFace,FairFace/train/43972.jpg,White,Male,,,,40-49,False,train
FF_56905,FairFace,FairFace/train/56905.jpg,Black,Male,,,,20-29,True,train
FF_34385,FairFace,FairFace/train/34385.jpg,White,Male,,,,40-49,False,train
FF_49934,FairFace,FairFace/train/49934.jpg,Black,Male,,,,40-49,False,train
UTK_26_1_2_20170116184530259.jpg.chip,UTKFace,UTKFace/26_1_2_20170116184530259.jpg.chip.jpg,EastAsian,Female,26.0,200.0,200.0,,,train
FF_9002,FairFace,FairFace/train/9002.jpg,White,Male,,,,40-49,False,train
FF_79019,FairFace,FairFace/train/79019.jpg,White,Male,,,,20-29,False,train
FF_11729,FairFace,FairFace/train/11729.jpg,White,Female,,,,60-69,True,train
FF_40926,FairFace,FairFace/train/40926.jpg,White,Female,,,,50-59,False,train
UTK_26_1_2_20170116184054722.jpg.chip,UTKFace,UTKFace/26_1_2_20170116184054722.jpg.chip.jpg,EastAsian,Female,26.0,200.0,200.0,,,train
FF_27656,FairFace,FairFace/train/27656.jpg,Black,Male,,,,30-39,False,train
FF_84217,FairFace,FairFace/train/84217.jpg,Black,Female,,,,20-29,False,train
UTK_32_0_1_20170117182323820.jpg.chip,UTKFace,UTKFace/32_0_1_20170117182323820.jpg.chip.jpg,Black,Male,32.0,200.0,200.0,,,train
FF_12858,FairFace,FairFace/train/12858.jpg,Black,Female,,,,50-59,False,train
FF_34335,FairFace,FairFace/train/34335.jpg,Black,Female,,,,30-39,False,train
UTK_26_1_2_20170116182804381.jpg.chip,UTKFace,UTKFace/26_1_2_20170116182804381.jpg.chip.jpg,EastAsian,Female,26.0,200.0,200.0,,,train
FF_50510,FairFace,FairFace/train/50510.jpg,White,Female,,,,30-39,False,train
FF_18322,FairFace,FairFace/train/18322.jpg,Black,Male,,,,10-19,False,train
FF_8409,FairFace,FairFace/val/8409.jpg,Black,Male,,,,3-9,False,train
FF_46671,FairFace,FairFace/train/46671.jpg,White,Female,,,,20-29,False,train
FF_20560,FairFace,FairFace/train/20560.jpg,Black,Female,,,,30-39,False,train
FF_40221,FairFace,FairFace/train/40221.jpg,Black,Female,,,,50-59,True,train
FF_32839,FairFace,FairFace/train/32839.jpg,White,Male,,,,50-59,False,train
FF_64829,FairFace,FairFace/train/64829.jpg,White,Female,,,,40-49,True,train
FF_14359,FairFace,FairFace/train/14359.jpg,White,Female,,,,3-9,True,train
FF_38673,FairFace,FairFace/train/38673.jpg,White,Female,,,,20-29,False,train
FF_77894,FairFace,FairFace/train/77894.jpg,Black,Female,,,,40-49,False,train
UTK_29_1_2_20170116220903106.jpg.chip,UTKFace,UTKFace/29_1_2_20170116220903106.jpg.chip.jpg,EastAsian,Female,29.0,200.0,200.0,,,train
FF_7251,FairFace,FairFace/val/7251.jpg,Black,Male,,,,0-2,False,train
FF_3178,FairFace,FairFace/train/3178.jpg,Black,Male,,,,3-9,True,train
FF_78277,FairFace,FairFace/train/78277.jpg,Black,Female,,,,20-29,True,train
FF_85061,FairFace,FairFace/train/85061.jpg,White,Female,,,,3-9,False,train
UTK_26_0_2_20170116233100347.jpg.chip,UTKFace,UTKFace/26_0_2_20170116233100347.jpg.chip.jpg,EastAsian,Male,26.0,200.0,200.0,,,train
FF_8661,FairFace,FairFace/val/8661.jpg,Black,Male,,,,20-29,True,train
UTK_31_1_0_20170103182528433.jpg.chip,UTKFace,UTKFace/31_1_0_20170103182528433.jpg.chip.jpg,White,Female,31.0,200.0,200.0,,,train
FF_24801,FairFace,FairFace/train/24801.jpg,White,Male,,,,20-29,False,train
FF_6519,FairFace,FairFace/val/6519.jpg,Black,Male,,,,3-9,False,train
UTK_19_1_2_20170104021632526.jpg.chip,UTKFace,UTKFace/19_1_2_20170104021632526.jpg.chip.jpg,EastAsian,Female,19.0,200.0,200.0,,,train
FF_41044,FairFace,FairFace/train/41044.jpg,Black,Male,,,,10-19,False,train
FF_78253,FairFace,FairFace/train/78253.jpg,Black,Female,,,,20-29,True,train
UTK_16_0_0_20170117134538670.jpg.chip,UTKFace,UTKFace/16_0_0_20170117134538670.jpg.chip.jpg,White,Male,16.0,200.0,200.0,,,train
FF_13370,FairFace,FairFace/train/13370.jpg,White,Male,,,,20-29,True,train
UTK_34_0_3_20170119200821564.jpg.chip,UTKFace,UTKFace/34_0_3_20170119200821564.jpg.chip.jpg,SouthAsian,Male,34.0,200.0,200.0,,,train
FF_56482,FairFace,FairFace/train/56482.jpg,White,Female,,,,30-39,False,train
FF_80779,FairFace,FairFace/train/80779.jpg,Black,Male,,,,more than 70,True,train
UTK_6_1_3_20161220220517209.jpg.chip,UTKFace,UTKFace/6_1_3_20161220220517209.jpg.chip.jpg,SouthAsian,Female,6.0,200.0,200.0,,,train
FF_26641,FairFace,FairFace/train/26641.jpg,White,Male,,,,30-39,False,train
UTK_87_0_0_20170110183538244.jpg.chip,UTKFace,UTKFace/87_0_0_20170110183538244.jpg.chip.jpg,White,Male,87.0,200.0,200.0,,,train
UTK_20_0_3_20170104225831145.jpg.chip,UTKFace,UTKFace/20_0_3_20170104225831145.jpg.chip.jpg,SouthAsian,Male,20.0,200.0,200.0,,,train
FF_19298,FairFace,FairFace/train/19298.jpg,Black,Female,,,,20-29,True,train
FF_73190,FairFace,FairFace/train/73190.jpg,Black,Female,,,,30-39,False,train
FF_1001,FairFace,FairFace/train/1001.jpg,Black,Male,,,,40-49,False,train
FF_31945,FairFace,FairFace/train/31945.jpg,Black,Male,,,,30-39,True,train
FF_83786,FairFace,FairFace/train/83786.jpg,White,Male,,,,40-49,True,train
FF_5410,FairFace,FairFace/val/5410.jpg,White,Male,,,,50-59,False,train
FF_3904,FairFace,FairFace/train/3904.jpg,Black,Male,,,,0-2,False,train
FF_40886,FairFace,FairFace/train/40886.jpg,Black,Female,,,,20-29,False,train
FF_14573,FairFace,FairFace/train/14573.jpg,White,Male,,,,20-29,False,train
UTK_24_1_3_20170119164644510.jpg.chip,UTKFace,UTKFace/24_1_3_20170119164644510.jpg.chip.jpg,SouthAsian,Female,24.0,200.0,200.0,,,train
FF_61433,FairFace,FairFace/train/61433.jpg,Black,Male,,,,3-9,False,train
FF_66596,FairFace,FairFace/train/66596.jpg,White,Female,,,,20-29,False,train
UTK_26_0_0_20170103235702988.jpg.chip,UTKFace,UTKFace/26_0_0_20170103235702988.jpg.chip.jpg,White,Male,26.0,200.0,200.0,,,train
UTK_2_1_2_20161219195813835.jpg.chip,UTKFace,UTKFace/2_1_2_20161219195813835.jpg.chip.jpg,EastAsian,Female,2.0,200.0,200.0,,,train
FF_6776,FairFace,FairFace/train/6776.jpg,White,Male,,,,20-29,False,train
FF_5921,FairFace,FairFace/train/5921.jpg,Black,Female,,,,10-19,False,train
UTK_52_0_0_20170105173619725.jpg.chip,UTKFace,UTKFace/52_0_0_20170105173619725.jpg.chip.jpg,White,Male,52.0,200.0,200.0,,,train
FF_58001,FairFace,FairFace/train/58001.jpg,White,Male,,,,60-69,False,train
UTK_24_1_1_20170116224913775.jpg.chip,UTKFace,UTKFace/24_1_1_20170116224913775.jpg.chip.jpg,Black,Female,24.0,200.0,200.0,,,train
UTK_67_0_0_20170120230048298.jpg.chip,UTKFace,UTKFace/67_0_0_20170120230048298.jpg.chip.jpg,White,Male,67.0,200.0,200.0,,,train
FF_9409,FairFace,FairFace/val/9409.jpg,Black,Male,,,,3-9,False,train
UTK_28_1_2_20170116192305668.jpg.chip,UTKFace,UTKFace/28_1_2_20170116192305668.jpg.chip.jpg,EastAsian,Female,28.0,200.0,200.0,,,train
FF_30960,FairFace,FairFace/train/30960.jpg,White,Female,,,,50-59,False,train
FF_59305,FairFace,FairFace/train/59305.jpg,White,Female,,,,40-49,False,train
FF_75209,FairFace,FairFace/train/75209.jpg,White,Female,,,,30-39,False,train
FF_83157,FairFace,FairFace/train/83157.jpg,White,Female,,,,0-2,False,train
FF_1153,FairFace,FairFace/train/1153.jpg,Black,Male,,,,50-59,False,train
FF_57307,FairFace,FairFace/train/57307.jpg,Black,Male,,,,3-9,True,train
UTK_25_1_3_20170119171949009.jpg.chip,UTKFace,UTKFace/25_1_3_20170119171949009.jpg.chip.jpg,SouthAsian,Female,25.0,200.0,200.0,,,train
UTK_2_1_2_20161219222030167.jpg.chip,UTKFace,UTKFace/2_1_2_20161219222030167.jpg.chip.jpg,EastAsian,Female,2.0,200.0,200.0,,,train
FF_15671,FairFace,FairFace/train/15671.jpg,Black,Female,,,,40-49,False,train
FF_58080,FairFace,FairFace/train/58080.jpg,Black,Female,,,,20-29,False,train
UTK_36_1_3_20170109141235854.jpg.chip,UTKFace,UTKFace/36_1_3_20170109141235854.jpg.chip.jpg,SouthAsian,Female,36.0,200.0,200.0,,,train
UTK_26_1_2_20170116184059994.jpg.chip,UTKFace,UTKFace/26_1_2_20170116184059994.jpg.chip.jpg,EastAsian,Female,26.0,200.0,200.0,,,train
FF_28637,FairFace,FairFace/train/28637.jpg,White,Male,,,,3-9,True,train
UTK_50_0_2_20170117000150652.jpg.chip,UTKFace,UTKFace/50_0_2_20170117000150652.jpg.chip.jpg,EastAsian,Male,50.0,200.0,200.0,,,train
UTK_86_0_2_20170112220210391.jpg.chip,UTKFace,UTKFace/86_0_2_20170112220210391.jpg.chip.jpg,EastAsian,Male,86.0,200.0,200.0,,,train
UTK_25_1_0_20170117151946851.jpg.chip,UTKFace,UTKFace/25_1_0_20170117151946851.jpg.chip.jpg,White,Female,25.0,200.0,200.0,,,train
UTK_26_1_3_20170119193128490.jpg.chip,UTKFace,UTKFace/26_1_3_20170119193128490.jpg.chip.jpg,SouthAsian,Female,26.0,200.0,200.0,,,train
UTK_29_0_2_20170116163356668.jpg.chip,UTKFace,UTKFace/29_0_2_20170116163356668.jpg.chip.jpg,EastAsian,Male,29.0,200.0,200.0,,,train
FF_39980,FairFace,FairFace/train/39980.jpg,Black,Female,,,,10-19,False,train
FF_39823,FairFace,FairFace/train/39823.jpg,Black,Female,,,,30-39,True,train
FF_563,FairFace,FairFace/train/563.jpg,White,Female,,,,10-19,True,train
FF_54033,FairFace,FairFace/train/54033.jpg,White,Female,,,,30-39,False,train
FF_73140,FairFace,FairFace/train/73140.jpg,White,Male,,,,30-39,False,train
FF_80378,FairFace,FairFace/train/80378.jpg,White,Female,,,,20-29,True,train
UTK_16_0_3_20170110232150874.jpg.chip,UTKFace,UTKFace/16_0_3_20170110232150874.jpg.chip.jpg,SouthAsian,Male,16.0,200.0,200.0,,,train
UTK_9_0_0_20170110220411186.jpg.chip,UTKFace,UTKFace/9_0_0_20170110220411186.jpg.chip.jpg,White,Male,9.0,200.0,200.0,,,train
UTK_26_1_2_20170116175437182.jpg.chip,UTKFace,UTKFace/26_1_2_20170116175437182.jpg.chip.jpg,EastAsian,Female,26.0,200.0,200.0,,,train
FF_2629,FairFace,FairFace/train/2629.jpg,White,Male,,,,20-29,False,train
FF_79854,FairFace,FairFace/train/79854.jpg,Black,Male,,,,20-29,True,train
FF_38226,FairFace,FairFace/train/38226.jpg,White,Male,,,,30-39,False,train
FF_5845,FairFace,FairFace/val/5845.jpg,Black,Female,,,,20-29,True,train
UTK_27_0_2_20170116172528863.jpg.chip,UTKFace,UTKFace/27_0_2_20170116172528863.jpg.chip.jpg,EastAsian,Male,27.0,200.0,200.0,,,train
FF_71174,FairFace,FairFace/train/71174.jpg,White,Female,,,,30-39,False,train
UTK_46_1_3_20170120140919993.jpg.chip,UTKFace,UTKFace/46_1_3_20170120140919993.jpg.chip.jpg,SouthAsian,Female,46.0,200.0,200.0,,,train
FF_68889,FairFace,FairFace/train/68889.jpg,White,Female,,,,30-39,True,train
UTK_1_0_2_20161219190530474.jpg.chip,UTKFace,UTKFace/1_0_2_20161219190530474.jpg.chip.jpg,EastAsian,Male,1.0,200.0,200.0,,,train
FF_27826,FairFace,FairFace/train/27826.jpg,White,Male,,,,20-29,True,train
UTK_1_1_3_20161220143400183.jpg.chip,UTKFace,UTKFace/1_1_3_20161220143400183.jpg.chip.jpg,SouthAsian,Female,1.0,200.0,200.0,,,train
UTK_75_0_3_20170105175429670.jpg.chip,UTKFace,UTKFace/75_0_3_20170105175429670.jpg.chip.jpg,SouthAsian,Male,75.0,200.0,200.0,,,train
FF_27372,FairFace,FairFace/train/27372.jpg,Black,Male,,,,10-19,True,train
UTK_45_0_3_20170119211754490.jpg.chip,UTKFace,UTKFace/45_0_3_20170119211754490.jpg.chip.jpg,SouthAsian,Male,45.0,200.0,200.0,,,train
FF_17308,FairFace,FairFace/train/17308.jpg,Black,Female,,,,3-9,False,train
UTK_1_1_1_20170109194654049.jpg.chip,UTKFace,UTKFace/1_1_1_20170109194654049.jpg.chip.jpg,Black,Female,1.0,200.0,200.0,,,train
UTK_54_0_3_20170119210110894.jpg.chip,UTKFace,UTKFace/54_0_3_20170119210110894.jpg.chip.jpg,SouthAsian,Male,54.0,200.0,200.0,,,train
FF_32710,FairFace,FairFace/train/32710.jpg,White,Male,,,,20-29,False,train
FF_27639,FairFace,FairFace/train/27639.jpg,Black,Male,,,,20-29,True,train
FF_58976,FairFace,FairFace/train/58976.jpg,Black,Female,,,,3-9,False,train
FF_30981,FairFace,FairFace/train/30981.jpg,Black,Female,,,,50-59,False,train
FF_6333,FairFace,FairFace/train/6333.jpg,Black,Male,,,,20-29,True,train
UTK_24_1_2_20170116174406776.jpg.chip,UTKFace,UTKFace/24_1_2_20170116174406776.jpg.chip.jpg,EastAsian,Female,24.0,200.0,200.0,,,train
UTK_2_0_2_20161219200225291.jpg.chip,UTKFace,UTKFace/2_0_2_20161219200225291.jpg.chip.jpg,EastAsian,Male,2.0,200.0,200.0,,,train
UTK_30_1_2_20170116192313635.jpg.chip,UTKFace,UTKFace/30_1_2_20170116192313635.jpg.chip.jpg,EastAsian,Female,30.0,200.0,200.0,,,train
FF_37984,FairFace,FairFace/train/37984.jpg,White,Male,,,,40-49,False,train
UTK_2_1_0_20170117192801580.jpg.chip,UTKFace,UTKFace/2_1_0_20170117192801580.jpg.chip.jpg,White,Female,2.0,200.0,200.0,,,train
FF_32531,FairFace,FairFace/train/32531.jpg,Black,Male,,,,20-29,True,train
UTK_24_0_1_20170113151024815.jpg.chip,UTKFace,UTKFace/24_0_1_20170113151024815.jpg.chip.jpg,Black,Male,24.0,200.0,200.0,,,train
FF_3881,FairFace,FairFace/train/3881.jpg,White,Male,,,,40-49,False,train
UTK_50_0_3_20170119204225095.jpg.chip,UTKFace,UTKFace/50_0_3_20170119204225095.jpg.chip.jpg,SouthAsian,Male,50.0,200.0,200.0,,,train
UTK_3_1_2_20161219160306229.jpg.chip,UTKFace,UTKFace/3_1_2_20161219160306229.jpg.chip.jpg,EastAsian,Female,3.0,200.0,200.0,,,train
FF_76039,FairFace,FairFace/train/76039.jpg,Black,Male,,,,20-29,False,train
UTK_1_0_2_20161219222602319.jpg.chip,UTKFace,UTKFace/1_0_2_20161219222602319.jpg.chip.jpg,EastAsian,Male,1.0,200.0,200.0,,,train
FF_10529,FairFace,FairFace/val/10529.jpg,White,Female,,,,60-69,False,train
UTK_27_1_2_20170116163338293.jpg.chip,UTKFace,UTKFace/27_1_2_20170116163338293.jpg.chip.jpg,EastAsian,Female,27.0,200.0,200.0,,,train
FF_37458,FairFace,FairFace/train/37458.jpg,White,Male,,,,20-29,False,train
FF_11496,FairFace,FairFace/train/11496.jpg,Black,Male,,,,30-39,False,train
FF_33298,FairFace,FairFace/train/33298.jpg,White,Male,,,,60-69,False,train
UTK_55_1_3_20170119192720664.jpg.chip,UTKFace,UTKFace/55_1_3_20170119192720664.jpg.chip.jpg,SouthAsian,Female,55.0,200.0,200.0,,,train
UTK_47_1_1_20170116160640036.jpg.chip,UTKFace,UTKFace/47_1_1_20170116160640036.jpg.chip.jpg,Black,Female,47.0,200.0,200.0,,,train
UTK_24_0_1_20170116220224657 .jpg.chip,UTKFace,UTKFace/24_0_1_20170116220224657 .jpg.chip.jpg,Black,Male,24.0,200.0,200.0,,,train
UTK_12_1_3_20170104221704334.jpg.chip,UTKFace,UTKFace/12_1_3_20170104221704334.jpg.chip.jpg,SouthAsian,Female,12.0,200.0,200.0,,,train
FF_3214,FairFace,FairFace/val/3214.jpg,White,Female,,,,20-29,True,train
UTK_28_0_1_20170120220341425.jpg.chip,UTKFace,UTKFace/28_0_1_20170120220341425.jpg.chip.jpg,Black,Male,28.0,200.0,200.0,,,train
FF_51536,FairFace,FairFace/train/51536.jpg,Black,Female,,,,10-19,True,train
FF_27843,FairFace,FairFace/train/27843.jpg,White,Male,,,,30-39,False,train
FF_605,FairFace,FairFace/val/605.jpg,White,Male,,,,3-9,True,train
FF_67785,FairFace,FairFace/train/67785.jpg,Black,Male,,,,10-19,False,train
FF_866,FairFace,FairFace/val/866.jpg,White,Male,,,,30-39,True,train
UTK_54_0_2_20170109010628431.jpg.chip,UTKFace,UTKFace/54_0_2_20170109010628431.jpg.chip.jpg,EastAsian,Male,54.0,200.0,200.0,,,train
FF_68245,FairFace,FairFace/train/68245.jpg,Black,Male,,,,40-49,True,train
FF_1163,FairFace,FairFace/train/1163.jpg,Black,Male,,,,10-19,True,train
FF_46842,FairFace,FairFace/train/46842.jpg,White,Male,,,,0-2,False,train
FF_5160,FairFace,FairFace/val/5160.jpg,White,Female,,,,30-39,True,train
FF_38228,FairFace,FairFace/train/38228.jpg,White,Female,,,,20-29,True,train
UTK_28_1_2_20170116164200987.jpg.chip,UTKFace,UTKFace/28_1_2_20170116164200987.jpg.chip.jpg,EastAsian,Female,28.0,200.0,200.0,,,train
UTK_21_1_2_20170105000725292.jpg.chip,UTKFace,UTKFace/21_1_2_20170105000725292.jpg.chip.jpg,EastAsian,Female,21.0,200.0,200.0,,,train
UTK_54_0_2_20170120223248924.jpg.chip,UTKFace,UTKFace/54_0_2_20170120223248924.jpg.chip.jpg,EastAsian,Male,54.0,200.0,200.0,,,train
FF_46629,FairFace,FairFace/train/46629.jpg,Black,Male,,,,20-29,False,train
UTK_23_1_2_20170116173210232.jpg.chip,UTKFace,UTKFace/23_1_2_20170116173210232.jpg.chip.jpg,EastAsian,Female,23.0,200.0,200.0,,,train
FF_4379,FairFace,FairFace/train/4379.jpg,White,Female,,,,10-19,True,train
FF_82490,FairFace,FairFace/train/82490.jpg,Black,Male,,,,3-9,False,train
FF_4913,FairFace,FairFace/val/4913.jpg,Black,Female,,,,30-39,True,train
FF_44887,FairFace,FairFace/train/44887.jpg,White,Female,,,,30-39,False,train
FF_70628,FairFace,FairFace/train/70628.jpg,White,Male,,,,40-49,False,train
UTK_28_1_1_20170112231943575.jpg.chip,UTKFace,UTKFace/28_1_1_20170112231943575.jpg.chip.jpg,Black,Female,28.0,200.0,200.0,,,train
UTK_18_0_3_20170104230349313.jpg.chip,UTKFace,UTKFace/18_0_3_20170104230349313.jpg.chip.jpg,SouthAsian,Male,18.0,200.0,200.0,,,train
FF_69100,FairFace,FairFace/train/69100.jpg,White,Female,,,,20-29,True,train
FF_65678,FairFace,FairFace/train/65678.jpg,White,Male,,,,20-29,False,train
FF_54614,FairFace,FairFace/train/54614.jpg,Black,Male,,,,40-49,True,train
UTK_65_0_3_20170119205841400.jpg.chip,UTKFace,UTKFace/65_0_3_20170119205841400.jpg.chip.jpg,SouthAsian,Male,65.0,200.0,200.0,,,train
UTK_24_1_3_20170117150632348.jpg.chip,UTKFace,UTKFace/24_1_3_20170117150632348.jpg.chip.jpg,SouthAsian,Female,24.0,200.0,200.0,,,train
FF_33027,FairFace,FairFace/train/33027.jpg,White,Male,,,,50-59,True,train
FF_11406,FairFace,FairFace/train/11406.jpg,Black,Female,,,,40-49,True,train
UTK_28_1_2_20170116190118355.jpg.chip,UTKFace,UTKFace/28_1_2_20170116190118355.jpg.chip.jpg,EastAsian,Female,28.0,200.0,200.0,,,train
FF_25305,FairFace,FairFace/train/25305.jpg,Black,Male,,,,3-9,False,train
UTK_1_0_2_20161219212516942.jpg.chip,UTKFace,UTKFace/1_0_2_20161219212516942.jpg.chip.jpg,EastAsian,Male,1.0,200.0,200.0,,,train
UTK_50_0_3_20170119203831751.jpg.chip,UTKFace,UTKFace/50_0_3_20170119203831751.jpg.chip.jpg,SouthAsian,Male,50.0,200.0,200.0,,,train
UTK_35_0_2_20170116182457063.jpg.chip,UTKFace,UTKFace/35_0_2_20170116182457063.jpg.chip.jpg,EastAsian,Male,35.0,200.0,200.0,,,train
FF_23245,FairFace,FairFace/train/23245.jpg,White,Male,,,,20-29,True,train
UTK_8_1_0_20170109205426790.jpg.chip,UTKFace,UTKFace/8_1_0_20170109205426790.jpg.chip.jpg,White,Female,8.0,200.0,200.0,,,train
FF_70572,FairFace,FairFace/train/70572.jpg,Black,Female,,,,40-49,False,train
FF_48952,FairFace,FairFace/train/48952.jpg,Black,Male,,,,20-29,True,train
FF_20590,FairFace,FairFace/train/20590.jpg,Black,Male,,,,40-49,False,train
UTK_28_0_2_20170116190154379.jpg.chip,UTKFace,UTKFace/28_0_2_20170116190154379.jpg.chip.jpg,EastAsian,Male,28.0,200.0,200.0,,,train
FF_59737,FairFace,FairFace/train/59737.jpg,White,Male,,,,40-49,True,train
FF_46327,FairFace,FairFace/train/46327.jpg,Black,Female,,,,3-9,False,train
FF_286,FairFace,FairFace/val/286.jpg,White,Female,,,,20-29,True,train
UTK_20_1_1_20170112192922677.jpg.chip,UTKFace,UTKFace/20_1_1_20170112192922677.jpg.chip.jpg,Black,Female,20.0,200.0,200.0,,,train
FF_12678,FairFace,FairFace/train/12678.jpg,Black,Male,,,,30-39,True,train
FF_24361,FairFace,FairFace/train/24361.jpg,Black,Female,,,,40-49,True,train
UTK_39_0_3_20170113142218164.jpg.chip,UTKFace,UTKFace/39_0_3_20170113142218164.jpg.chip.jpg,SouthAsian,Male,39.0,200.0,200.0,,,train
FF_50246,FairFace,FairFace/train/50246.jpg,Black,Female,,,,3-9,False,train
FF_47486,FairFace,FairFace/train/47486.jpg,Black,Female,,,,20-29,True,train
UTK_31_1_1_20170113011230351.jpg.chip,UTKFace,UTKFace/31_1_1_20170113011230351.jpg.chip.jpg,Black,Female,31.0,200.0,200.0,,,train
FF_27345,FairFace,FairFace/train/27345.jpg,Black,Male,,,,3-9,False,train
FF_61555,FairFace,FairFace/train/61555.jpg,Black,Male,,,,3-9,False,train
FF_3903,FairFace,FairFace/val/3903.jpg,White,Male,,,,10-19,True,train
UTK_26_1_2_20170116182442130.jpg.chip,UTKFace,UTKFace/26_1_2_20170116182442130.jpg.chip.jpg,EastAsian,Female,26.0,200.0,200.0,,,train
FF_45062,FairFace,FairFace/train/45062.jpg,Black,Female,,,,30-39,False,train
UTK_56_0_3_20170113190509801.jpg.chip,UTKFace,UTKFace/56_0_3_20170113190509801.jpg.chip.jpg,SouthAsian,Male,56.0,200.0,200.0,,,train
FF_65463,FairFace,FairFace/train/65463.jpg,White,Male,,,,50-59,False,train
FF_37724,FairFace,FairFace/train/37724.jpg,White,Male,,,,0-2,False,train
FF_49658,FairFace,FairFace/train/49658.jpg,White,Female,,,,30-39,False,train
FF_40727,FairFace,FairFace/train/40727.jpg,White,Male,,,,50-59,False,train
FF_1431,FairFace,FairFace/train/1431.jpg,Black,Female,,,,20-29,True,train
UTK_61_1_0_20170110122712394.jpg.chip,UTKFace,UTKFace/61_1_0_20170110122712394.jpg.chip.jpg,White,Female,61.0,200.0,200.0,,,train
UTK_31_1_3_20170104235227202.jpg.chip,UTKFace,UTKFace/31_1_3_20170104235227202.jpg.chip.jpg,SouthAsian,Female,31.0,200.0,200.0,,,train
UTK_45_1_1_20170117164716460.jpg.chip,UTKFace,UTKFace/45_1_1_20170117164716460.jpg.chip.jpg,Black,Female,45.0,200.0,200.0,,,train
FF_74652,FairFace,FairFace/train/74652.jpg,Black,Female,,,,20-29,False,train
UTK_58_0_0_20170120224549744.jpg.chip,UTKFace,UTKFace/58_0_0_20170120224549744.jpg.chip.jpg,White,Male,58.0,200.0,200.0,,,train
UTK_37_0_3_20170119194717603.jpg.chip,UTKFace,UTKFace/37_0_3_20170119194717603.jpg.chip.jpg,SouthAsian,Male,37.0,200.0,200.0,,,train
FF_32147,FairFace,FairFace/train/32147.jpg,White,Female,,,,30-39,True,train
FF_48143,FairFace,FairFace/train/48143.jpg,White,Female,,,,30-39,False,train
FF_80186,FairFace,FairFace/train/80186.jpg,White,Female,,,,30-39,False,train
FF_71090,FairFace,FairFace/train/71090.jpg,Black,Female,,,,30-39,False,train
FF_85438,FairFace,FairFace/train/85438.jpg,White,Male,,,,30-39,False,train
UTK_28_1_2_20170116162955090.jpg.chip,UTKFace,UTKFace/28_1_2_20170116162955090.jpg.chip.jpg,EastAsian,Female,28.0,200.0,200.0,,,train
UTK_1_0_2_20161219205318388.jpg.chip,UTKFace,UTKFace/1_0_2_20161219205318388.jpg.chip.jpg,EastAsian,Male,1.0,200.0,200.0,,,train
FF_6011,FairFace,FairFace/val/6011.jpg,Black,Female,,,,30-39,False,train
FF_37134,FairFace,FairFace/train/37134.jpg,White,Female,,,,20-29,False,train
UTK_79_0_2_20170116194001100.jpg.chip,UTKFace,UTKFace/79_0_2_20170116194001100.jpg.chip.jpg,EastAsian,Male,79.0,200.0,200.0,,,train
UTK_32_1_3_20170104235157578.jpg.chip,UTKFace,UTKFace/32_1_3_20170104235157578.jpg.chip.jpg,SouthAsian,Female,32.0,200.0,200.0,,,train
UTK_32_1_2_20170109004658032.jpg.chip,UTKFace,UTKFace/32_1_2_20170109004658032.jpg.chip.jpg,EastAsian,Female,32.0,200.0,200.0,,,train
FF_53702,FairFace,FairFace/train/53702.jpg,White,Female,,,,50-59,True,train
FF_27174,FairFace,FairFace/train/27174.jpg,White,Male,,,,30-39,False,train
FF_65361,FairFace,FairFace/train/65361.jpg,Black,Female,,,,30-39,False,train
FF_62112,FairFace,FairFace/train/62112.jpg,Black,Female,,,,20-29,False,train
UTK_30_0_3_20170119195729476.jpg.chip,UTKFace,UTKFace/30_0_3_20170119195729476.jpg.chip.jpg,SouthAsian,Male,30.0,200.0,200.0,,,train
UTK_27_0_3_20170119194352188.jpg.chip,UTKFace,UTKFace/27_0_3_20170119194352188.jpg.chip.jpg,SouthAsian,Male,27.0,200.0,200.0,,,train
FF_10763,FairFace,FairFace/val/10763.jpg,Black,Male,,,,50-59,False,train
FF_9895,FairFace,FairFace/val/9895.jpg,Black,Male,,,,30-39,True,train
UTK_2_0_2_20161219192307618.jpg.chip,UTKFace,UTKFace/2_0_2_20161219192307618.jpg.chip.jpg,EastAsian,Male,2.0,200.0,200.0,,,train
UTK_24_1_2_20170116164744956.jpg.chip,UTKFace,UTKFace/24_1_2_20170116164744956.jpg.chip.jpg,EastAsian,Female,24.0,200.0,200.0,,,train
FF_4098,FairFace,FairFace/train/4098.jpg,Black,Male,,,,50-59,False,train
FF_22428,FairFace,FairFace/train/22428.jpg,White,Male,,,,20-29,True,train
UTK_28_1_2_20170116163844508.jpg.chip,UTKFace,UTKFace/28_1_2_20170116163844508.jpg.chip.jpg,EastAsian,Female,28.0,200.0,200.0,,,train
FF_5990,FairFace,FairFace/train/5990.jpg,White,Male,,,,20-29,False,train
UTK_80_0_0_20170117173059810.jpg.chip,UTKFace,UTKFace/80_0_0_20170117173059810.jpg.chip.jpg,White,Male,80.0,200.0,200.0,,,train
FF_10327,FairFace,FairFace/val/10327.jpg,Black,Male,,,,0-2,False,train
UTK_30_0_2_20170116174814595.jpg.chip,UTKFace,UTKFace/30_0_2_20170116174814595.jpg.chip.jpg,EastAsian,Male,30.0,200.0,200.0,,,train
FF_68981,FairFace,FairFace/train/68981.jpg,Black,Female,,,,10-19,False,train
FF_70879,FairFace,FairFace/train/70879.jpg,White,Male,,,,20-29,True,train
FF_64717,FairFace,FairFace/train/64717.jpg,White,Female,,,,10-19,False,train
FF_49655,FairFace,FairFace/train/49655.jpg,Black,Male,,,,0-2,False,train
FF_5919,FairFace,FairFace/val/5919.jpg,White,Female,,,,20-29,False,train
UTK_23_1_3_20170119164501885.jpg.chip,UTKFace,UTKFace/23_1_3_20170119164501885.jpg.chip.jpg,SouthAsian,Female,23.0,200.0,200.0,,,train
UTK_45_1_1_20170116233320931.jpg.chip,UTKFace,UTKFace/45_1_1_20170116233320931.jpg.chip.jpg,Black,Female,45.0,200.0,200.0,,,train
FF_14756,FairFace,FairFace/train/14756.jpg,Black,Female,,,,20-29,False,train
FF_27497,FairFace,FairFace/train/27497.jpg,Black,Female,,,,20-29,True,train
UTK_27_1_2_20170104022251917.jpg.chip,UTKFace,UTKFace/27_1_2_20170104022251917.jpg.chip.jpg,EastAsian,Female,27.0,200.0,200.0,,,train
UTK_2_1_3_20161220144853855.jpg.chip,UTKFace,UTKFace/2_1_3_20161220144853855.jpg.chip.jpg,SouthAsian,Female,2.0,200.0,200.0,,,train
FF_1236,FairFace,FairFace/val/1236.jpg,White,Female,,,,40-49,True,train
FF_51480,FairFace,FairFace/train/51480.jpg,Black,Female,,,,20-29,True,train
FF_68768,FairFace,FairFace/train/68768.jpg,Black,Male,,,,20-29,True,train
FF_86106,FairFace,FairFace/train/86106.jpg,White,Female,,,,20-29,False,train
FF_28658,FairFace,FairFace/train/28658.jpg,Black,Female,,,,10-19,False,train
UTK_1_0_2_20161219200342123.jpg.chip,UTKFace,UTKFace/1_0_2_20161219200342123.jpg.chip.jpg,EastAsian,Male,1.0,200.0,200.0,,,train
FF_58032,FairFace,FairFace/train/58032.jpg,White,Male,,,,more than 70,False,train
UTK_24_1_2_20170116171638407.jpg.chip,UTKFace,UTKFace/24_1_2_20170116171638407.jpg.chip.jpg,EastAsian,Female,24.0,200.0,200.0,,,train
FF_79783,FairFace,FairFace/train/79783.jpg,White,Male,,,,40-49,False,train
UTK_50_0_3_20170119201854301.jpg.chip,UTKFace,UTKFace/50_0_3_20170119201854301.jpg.chip.jpg,SouthAsian,Male,50.0,200.0,200.0,,,train
FF_15626,FairFace,FairFace/train/15626.jpg,White,Male,,,,30-39,False,train
FF_22287,FairFace,FairFace/train/22287.jpg,White,Male,,,,30-39,False,train
FF_11436,FairFace,FairFace/train/11436.jpg,Black,Female,,,,3-9,False,train
FF_77622,FairFace,FairFace/train/77622.jpg,White,Female,,,,30-39,False,train
UTK_14_0_3_20170104225858160.jpg.chip,UTKFace,UTKFace/14_0_3_20170104225858160.jpg.chip.jpg,SouthAsian,Male,14.0,200.0,200.0,,,train
FF_32849,FairFace,FairFace/train/32849.jpg,White,Male,,,,0-2,False,train
FF_35967,FairFace,FairFace/train/35967.jpg,White,Male,,,,40-49,True,train
FF_574,FairFace,FairFace/val/574.jpg,White,Female,,,,20-29,True,train
UTK_22_1_3_20170119163328077.jpg.chip,UTKFace,UTKFace/22_1_3_20170119163328077.jpg.chip.jpg,SouthAsian,Female,22.0,200.0,200.0,,,train
FF_70500,FairFace,FairFace/train/70500.jpg,Black,Female,,,,60-69,True,train
UTK_4_1_3_20161219225734881.jpg.chip,UTKFace,UTKFace/4_1_3_20161219225734881.jpg.chip.jpg,SouthAsian,Female,4.0,200.0,200.0,,,train
FF_2546,FairFace,FairFace/val/2546.jpg,Black,Female,,,,30-39,False,train
UTK_31_0_3_20170119200050628.jpg.chip,UTKFace,UTKFace/31_0_3_20170119200050628.jpg.chip.jpg,SouthAsian,Male,31.0,200.0,200.0,,,train
FF_32732,FairFace,FairFace/train/32732.jpg,Black,Female,,,,20-29,True,train
FF_43847,FairFace,FairFace/train/43847.jpg,White,Female,,,,20-29,False,train
FF_66454,FairFace,FairFace/train/66454.jpg,Black,Female,,,,20-29,True,train
FF_59016,FairFace,FairFace/train/59016.jpg,White,Female,,,,50-59,False,train
UTK_23_1_2_20170116173036181.jpg.chip,UTKFace,UTKFace/23_1_2_20170116173036181.jpg.chip.jpg,EastAsian,Female,23.0,200.0,200.0,,,train
FF_9593,FairFace,FairFace/val/9593.jpg,Black,Female,,,,3-9,True,train
FF_37610,FairFace,FairFace/train/37610.jpg,Black,Female,,,,10-19,True,train
UTK_48_0_3_20170119193054233.jpg.chip,UTKFace,UTKFace/48_0_3_20170119193054233.jpg.chip.jpg,SouthAsian,Male,48.0,200.0,200.0,,,train
FF_46456,FairFace,FairFace/train/46456.jpg,White,Female,,,,30-39,False,train
FF_20547,FairFace,FairFace/train/20547.jpg,Black,Male,,,,20-29,False,train
FF_30620,FairFace,FairFace/train/30620.jpg,White,Male,,,,30-39,False,train
FF_86036,FairFace,FairFace/train/86036.jpg,Black,Female,,,,40-49,False,train
FF_82360,FairFace,FairFace/train/82360.jpg,White,Male,,,,50-59,False,train
FF_6907,FairFace,FairFace/val/6907.jpg,White,Male,,,,30-39,True,train
UTK_22_1_2_20170116162938834.jpg.chip,UTKFace,UTKFace/22_1_2_20170116162938834.jpg.chip.jpg,EastAsian,Female,22.0,200.0,200.0,,,train
UTK_18_1_3_20170117135716054.jpg.chip,UTKFace,UTKFace/18_1_3_20170117135716054.jpg.chip.jpg,SouthAsian,Female,18.0,200.0,200.0,,,train
FF_63878,FairFace,FairFace/train/63878.jpg,Black,Male,,,,30-39,False,train
FF_1831,FairFace,FairFace/val/1831.jpg,Black,Female,,,,10-19,False,train
UTK_45_1_3_20170119193037786.jpg.chip,UTKFace,UTKFace/45_1_3_20170119193037786.jpg.chip.jpg,SouthAsian,Female,45.0,200.0,200.0,,,train
FF_4130,FairFace,FairFace/val/4130.jpg,White,Male,,,,30-39,False,train
FF_64021,FairFace,FairFace/train/64021.jpg,White,Male,,,,3-9,False,train
UTK_26_0_3_20170120134330671.jpg.chip,UTKFace,UTKFace/26_0_3_20170120134330671.jpg.chip.jpg,SouthAsian,Male,26.0,200.0,200.0,,,train
UTK_38_0_2_20170109002407221.jpg.chip,UTKFace,UTKFace/38_0_2_20170109002407221.jpg.chip.jpg,EastAsian,Male,38.0,200.0,200.0,,,train
FF_1203,FairFace,FairFace/train/1203.jpg,White,Male,,,,40-49,False,train
FF_24082,FairFace,FairFace/train/24082.jpg,White,Male,,,,30-39,False,train
FF_52345,FairFace,FairFace/train/52345.jpg,Black,Female,,,,3-9,False,train
UTK_23_0_2_20170116172945780.jpg.chip,UTKFace,UTKFace/23_0_2_20170116172945780.jpg.chip.jpg,EastAsian,Male,23.0,200.0,200.0,,,train
FF_85325,FairFace,FairFace/train/85325.jpg,Black,Female,,,,20-29,False,train
FF_27200,FairFace,FairFace/train/27200.jpg,White,Male,,,,50-59,False,train
UTK_22_1_0_20170111182452750.jpg.chip,UTKFace,UTKFace/22_1_0_20170111182452750.jpg.chip.jpg,White,Female,22.0,200.0,200.0,,,train
UTK_20_1_1_20170112191224819.jpg.chip,UTKFace,UTKFace/20_1_1_20170112191224819.jpg.chip.jpg,Black,Female,20.0,200.0,200.0,,,train
UTK_26_0_1_20170116203607574.jpg.chip,UTKFace,UTKFace/26_0_1_20170116203607574.jpg.chip.jpg,Black,Male,26.0,200.0,200.0,,,train
FF_32818,FairFace,FairFace/train/32818.jpg,White,Male,,,,30-39,False,train
FF_3628,FairFace,FairFace/val/3628.jpg,Black,Male,,,,10-19,True,train
FF_24229,FairFace,FairFace/train/24229.jpg,White,Female,,,,10-19,True,train
UTK_26_1_3_20170119193059058.jpg.chip,UTKFace,UTKFace/26_1_3_20170119193059058.jpg.chip.jpg,SouthAsian,Female,26.0,200.0,200.0,,,train
FF_49171,FairFace,FairFace/train/49171.jpg,White,Male,,,,30-39,True,train
FF_81796,FairFace,FairFace/train/81796.jpg,Black,Male,,,,30-39,True,train
FF_33404,FairFace,FairFace/train/33404.jpg,White,Female,,,,0-2,False,train
FF_6879,FairFace,FairFace/train/6879.jpg,White,Female,,,,60-69,False,train
UTK_32_1_3_20170119163219372.jpg.chip,UTKFace,UTKFace/32_1_3_20170119163219372.jpg.chip.jpg,SouthAsian,Female,32.0,200.0,200.0,,,train
FF_42588,FairFace,FairFace/train/42588.jpg,Black,Male,,,,40-49,False,train
FF_45543,FairFace,FairFace/train/45543.jpg,White,Male,,,,30-39,False,train
FF_39534,FairFace,FairFace/train/39534.jpg,White,Female,,,,30-39,False,train
FF_19575,FairFace,FairFace/train/19575.jpg,White,Female,,,,40-49,True,train
UTK_15_1_3_20170104221933959.jpg.chip,UTKFace,UTKFace/15_1_3_20170104221933959.jpg.chip.jpg,SouthAsian,Female,15.0,200.0,200.0,,,train
UTK_27_1_1_20170112231931030.jpg.chip,UTKFace,UTKFace/27_1_1_20170112231931030.jpg.chip.jpg,Black,Female,27.0,200.0,200.0,,,train
UTK_30_0_0_20170104164938536.jpg.chip,UTKFace,UTKFace/30_0_0_20170104164938536.jpg.chip.jpg,White,Male,30.0,200.0,200.0,,,train
UTK_26_1_1_20170112213133100.jpg.chip,UTKFace,UTKFace/26_1_1_20170112213133100.jpg.chip.jpg,Black,Female,26.0,200.0,200.0,,,train
FF_69871,FairFace,FairFace/train/69871.jpg,White,Male,,,,20-29,False,train
FF_34028,FairFace,FairFace/train/34028.jpg,White,Male,,,,20-29,True,train
FF_16806,FairFace,FairFace/train/16806.jpg,Black,Male,,,,40-49,False,train
FF_18917,FairFace,FairFace/train/18917.jpg,White,Male,,,,30-39,True,train
UTK_24_1_2_20170116163634730.jpg.chip,UTKFace,UTKFace/24_1_2_20170116163634730.jpg.chip.jpg,EastAsian,Female,24.0,200.0,200.0,,,train
FF_64487,FairFace,FairFace/train/64487.jpg,White,Female,,,,30-39,False,train
UTK_32_1_2_20170116164214489.jpg.chip,UTKFace,UTKFace/32_1_2_20170116164214489.jpg.chip.jpg,EastAsian,Female,32.0,200.0,200.0,,,train
UTK_60_0_2_20170116182650366.jpg.chip,UTKFace,UTKFace/60_0_2_20170116182650366.jpg.chip.jpg,EastAsian,Male,60.0,200.0,200.0,,,train
UTK_27_0_2_20170104011250152.jpg.chip,UTKFace,UTKFace/27_0_2_20170104011250152.jpg.chip.jpg,EastAsian,Male,27.0,200.0,200.0,,,train
FF_70977,FairFace,FairFace/train/70977.jpg,White,Male,,,,20-29,False,train
FF_77948,FairFace,FairFace/train/77948.jpg,Black,Female,,,,40-49,False,train
UTK_31_1_1_20170116222821659.jpg.chip,UTKFace,UTKFace/31_1_1_20170116222821659.jpg.chip.jpg,Black,Female,31.0,200.0,200.0,,,train
FF_74582,FairFace,FairFace/train/74582.jpg,White,Male,,,,20-29,True,train
UTK_26_1_3_20170109134510359.jpg.chip,UTKFace,UTKFace/26_1_3_20170109134510359.jpg.chip.jpg,SouthAsian,Female,26.0,200.0,200.0,,,train
UTK_35_0_2_20170116164723099.jpg.chip,UTKFace,UTKFace/35_0_2_20170116164723099.jpg.chip.jpg,EastAsian,Male,35.0,200.0,200.0,,,train
FF_31310,FairFace,FairFace/train/31310.jpg,Black,Female,,,,40-49,False,train
FF_29220,FairFace,FairFace/train/29220.jpg,Black,Male,,,,30-39,True,train
FF_70045,FairFace,FairFace/train/70045.jpg,Black,Male,,,,30-39,True,train
UTK_62_1_3_20170105000830708.jpg.chip,UTKFace,UTKFace/62_1_3_20170105000830708.jpg.chip.jpg,SouthAsian,Female,62.0,200.0,200.0,,,train
UTK_1_0_2_20161219141912009.jpg.chip,UTKFace,UTKFace/1_0_2_20161219141912009.jpg.chip.jpg,EastAsian,Male,1.0,200.0,200.0,,,train
FF_76692,FairFace,FairFace/train/76692.jpg,White,Male,,,,20-29,True,train
FF_24127,FairFace,FairFace/train/24127.jpg,Black,Male,,,,20-29,True,train
FF_40477,FairFace,FairFace/train/40477.jpg,White,Male,,,,40-49,True,train
UTK_24_0_3_20170104230147273.jpg.chip,UTKFace,UTKFace/24_0_3_20170104230147273.jpg.chip.jpg,SouthAsian,Male,24.0,200.0,200.0,,,train
FF_82156,FairFace,FairFace/train/82156.jpg,White,Female,,,,20-29,False,train
FF_12550,FairFace,FairFace/train/12550.jpg,Black,Male,,,,40-49,True,train
UTK_23_0_3_20170119145303710.jpg.chip,UTKFace,UTKFace/23_0_3_20170119145303710.jpg.chip.jpg,SouthAsian,Male,23.0,200.0,200.0,,,train
FF_23038,FairFace,FairFace/train/23038.jpg,White,Male,,,,40-49,False,train
FF_15185,FairFace,FairFace/train/15185.jpg,Black,Male,,,,3-9,True,train
FF_51326,FairFace,FairFace/train/51326.jpg,White,Female,,,,3-9,True,train
UTK_25_0_1_20170113132636784.jpg.chip,UTKFace,UTKFace/25_0_1_20170113132636784.jpg.chip.jpg,Black,Male,25.0,200.0,200.0,,,train
UTK_26_1_0_20170116225049260.jpg.chip,UTKFace,UTKFace/26_1_0_20170116225049260.jpg.chip.jpg,White,Female,26.0,200.0,200.0,,,train
FF_1029,FairFace,FairFace/val/1029.jpg,White,Female,,,,20-29,False,train
UTK_38_0_1_20170117133818533.jpg.chip,UTKFace,UTKFace/38_0_1_20170117133818533.jpg.chip.jpg,Black,Male,38.0,200.0,200.0,,,train
UTK_47_1_2_20170105173513573.jpg.chip,UTKFace,UTKFace/47_1_2_20170105173513573.jpg.chip.jpg,EastAsian,Female,47.0,200.0,200.0,,,train
FF_18179,FairFace,FairFace/train/18179.jpg,White,Male,,,,30-39,False,train
UTK_1_1_3_20161220143222430.jpg.chip,UTKFace,UTKFace/1_1_3_20161220143222430.jpg.chip.jpg,SouthAsian,Female,1.0,200.0,200.0,,,train
UTK_28_0_3_20170113153014880.jpg.chip,UTKFace,UTKFace/28_0_3_20170113153014880.jpg.chip.jpg,SouthAsian,Male,28.0,200.0,200.0,,,train
UTK_1_1_3_20161219224458872.jpg.chip,UTKFace,UTKFace/1_1_3_20161219224458872.jpg.chip.jpg,SouthAsian,Female,1.0,200.0,200.0,,,train
UTK_25_0_3_20170119162903181.jpg.chip,UTKFace,UTKFace/25_0_3_20170119162903181.jpg.chip.jpg,SouthAsian,Male,25.0,200.0,200.0,,,train
FF_43103,FairFace,FairFace/train/43103.jpg,White,Male,,,,30-39,True,train
FF_34783,FairFace,FairFace/train/34783.jpg,Black,Male,,,,30-39,False,train
FF_7212,FairFace,FairFace/train/7212.jpg,Black,Female,,,,3-9,False,train
FF_10159,FairFace,FairFace/val/10159.jpg,Black,Male,,,,3-9,False,train
UTK_4_0_3_20161220222803227.jpg.chip,UTKFace,UTKFace/4_0_3_20161220222803227.jpg.chip.jpg,SouthAsian,Male,4.0,200.0,200.0,,,train
UTK_1_1_3_20161219224454728.jpg.chip,UTKFace,UTKFace/1_1_3_20161219224454728.jpg.chip.jpg,SouthAsian,Female,1.0,200.0,200.0,,,train
FF_64254,FairFace,FairFace/train/64254.jpg,White,Male,,,,20-29,False,train
FF_77164,FairFace,FairFace/train/77164.jpg,Black,Male,,,,40-49,True,train
FF_58702,FairFace,FairFace/train/58702.jpg,Black,Male,,,,3-9,False,train
FF_58168,FairFace,FairFace/train/58168.jpg,Black,Male,,,,30-39,True,train
UTK_35_0_2_20170104201518561.jpg.chip,UTKFace,UTKFace/35_0_2_20170104201518561.jpg.chip.jpg,EastAsian,Male,35.0,200.0,200.0,,,train
UTK_30_0_2_20170116180745378.jpg.chip,UTKFace,UTKFace/30_0_2_20170116180745378.jpg.chip.jpg,EastAsian,Male,30.0,200.0,200.0,,,train
UTK_23_1_2_20170116173143018.jpg.chip,UTKFace,UTKFace/23_1_2_20170116173143018.jpg.chip.jpg,EastAsian,Female,23.0,200.0,200.0,,,train
UTK_24_0_2_20170116165047009.jpg.chip,UTKFace,UTKFace/24_0_2_20170116165047009.jpg.chip.jpg,EastAsian,Male,24.0,200.0,200.0,,,train
FF_1343,FairFace,FairFace/train/1343.jpg,White,Female,,,,20-29,True,train
FF_64175,FairFace,FairFace/train/64175.jpg,White,Female,,,,30-39,False,train
UTK_26_0_1_20170113135322642.jpg.chip,UTKFace,UTKFace/26_0_1_20170113135322642.jpg.chip.jpg,Black,Male,26.0,200.0,200.0,,,train
FF_62920,FairFace,FairFace/train/62920.jpg,White,Male,,,,20-29,True,train
FF_77853,FairFace,FairFace/train/77853.jpg,White,Female,,,,3-9,True,train
FF_14041,FairFace,FairFace/train/14041.jpg,Black,Female,,,,3-9,True,train
FF_8555,FairFace,FairFace/train/8555.jpg,White,Female,,,,30-39,False,train
UTK_37_0_3_20170119162833204.jpg.chip,UTKFace,UTKFace/37_0_3_20170119162833204.jpg.chip.jpg,SouthAsian,Male,37.0,200.0,200.0,,,train
UTK_61_0_3_20170119211851937.jpg.chip,UTKFace,UTKFace/61_0_3_20170119211851937.jpg.chip.jpg,SouthAsian,Male,61.0,200.0,200.0,,,train
FF_73850,FairFace,FairFace/train/73850.jpg,Black,Female,,,,40-49,False,train
UTK_30_1_0_20170105164713380.jpg.chip,UTKFace,UTKFace/30_1_0_20170105164713380.jpg.chip.jpg,White,Female,30.0,200.0,200.0,,,train
FF_82635,FairFace,FairFace/train/82635.jpg,White,Female,,,,20-29,False,train
FF_73607,FairFace,FairFace/train/73607.jpg,Black,Female,,,,10-19,True,train
FF_85106,FairFace,FairFace/train/85106.jpg,White,Male,,,,20-29,True,train
FF_73848,FairFace,FairFace/train/73848.jpg,White,Male,,,,30-39,False,train
UTK_3_0_2_20161219210918485.jpg.chip,UTKFace,UTKFace/3_0_2_20161219210918485.jpg.chip.jpg,EastAsian,Male,3.0,200.0,200.0,,,train
UTK_32_1_2_20170116180734484.jpg.chip,UTKFace,UTKFace/32_1_2_20170116180734484.jpg.chip.jpg,EastAsian,Female,32.0,200.0,200.0,,,train
FF_57409,FairFace,FairFace/train/57409.jpg,Black,Male,,,,30-39,False,train
FF_10124,FairFace,FairFace/val/10124.jpg,White,Male,,,,40-49,True,train
FF_80518,FairFace,FairFace/train/80518.jpg,White,Male,,,,30-39,False,train
UTK_68_0_1_20170117170414776.jpg.chip,UTKFace,UTKFace/68_0_1_20170117170414776.jpg.chip.jpg,Black,Male,68.0,200.0,200.0,,,train
UTK_24_0_2_20170116170903688.jpg.chip,UTKFace,UTKFace/24_0_2_20170116170903688.jpg.chip.jpg,EastAsian,Male,24.0,200.0,200.0,,,train
UTK_17_0_0_20170110232257182.jpg.chip,UTKFace,UTKFace/17_0_0_20170110232257182.jpg.chip.jpg,White,Male,17.0,200.0,200.0,,,train
FF_56902,FairFace,FairFace/train/56902.jpg,White,Male,,,,60-69,False,train
FF_6057,FairFace,FairFace/val/6057.jpg,Black,Male,,,,3-9,False,train
FF_51793,FairFace,FairFace/train/51793.jpg,White,Male,,,,30-39,True,train
UTK_26_0_1_20170113154809050.jpg.chip,UTKFace,UTKFace/26_0_1_20170113154809050.jpg.chip.jpg,Black,Male,26.0,200.0,200.0,,,train
FF_14922,FairFace,FairFace/train/14922.jpg,White,Female,,,,3-9,False,train
UTK_27_1_2_20170116172501420.jpg.chip,UTKFace,UTKFace/27_1_2_20170116172501420.jpg.chip.jpg,EastAsian,Female,27.0,200.0,200.0,,,train
FF_80495,FairFace,FairFace/train/80495.jpg,White,Female,,,,20-29,True,train
FF_39600,FairFace,FairFace/train/39600.jpg,White,Male,,,,20-29,False,train
FF_39261,FairFace,FairFace/train/39261.jpg,Black,Female,,,,10-19,False,train
UTK_25_1_0_20170103180835288.jpg.chip,UTKFace,UTKFace/25_1_0_20170103180835288.jpg.chip.jpg,White,Female,25.0,200.0,200.0,,,train
FF_22772,FairFace,FairFace/train/22772.jpg,White,Female,,,,30-39,False,train
FF_645,FairFace,FairFace/train/645.jpg,Black,Female,,,,20-29,True,train
UTK_1_1_3_20161219225015272.jpg.chip,UTKFace,UTKFace/1_1_3_20161219225015272.jpg.chip.jpg,SouthAsian,Female,1.0,200.0,200.0,,,train
FF_36743,FairFace,FairFace/train/36743.jpg,Black,Male,,,,50-59,False,train
FF_28628,FairFace,FairFace/train/28628.jpg,Black,Female,,,,20-29,True,train
FF_4141,FairFace,FairFace/train/4141.jpg,Black,Female,,,,20-29,False,train
FF_41308,FairFace,FairFace/train/41308.jpg,White,Male,,,,60-69,False,train
FF_78478,FairFace,FairFace/train/78478.jpg,White,Male,,,,50-59,True,train
FF_7164,FairFace,FairFace/val/7164.jpg,Black,Male,,,,3-9,False,train
FF_11238,FairFace,FairFace/train/11238.jpg,Black,Male,,,,20-29,True,train
FF_10199,FairFace,FairFace/train/10199.jpg,Black,Female,,,,3-9,False,train
FF_6423,FairFace,FairFace/val/6423.jpg,White,Male,,,,30-39,False,train
FF_85444,FairFace,FairFace/train/85444.jpg,White,Male,,,,3-9,True,train
UTK_6_1_2_20161219153247548.jpg.chip,UTKFace,UTKFace/6_1_2_20161219153247548.jpg.chip.jpg,EastAsian,Female,6.0,200.0,200.0,,,train
FF_6610,FairFace,FairFace/train/6610.jpg,White,Male,,,,30-39,False,train
FF_78172,FairFace,FairFace/train/78172.jpg,White,Male,,,,20-29,True,train
FF_71394,FairFace,FairFace/train/71394.jpg,Black,Female,,,,30-39,False,train
FF_50938,FairFace,FairFace/train/50938.jpg,Black,Male,,,,0-2,False,train
FF_1226,FairFace,FairFace/val/1226.jpg,Black,Female,,,,30-39,True,train
UTK_33_1_0_20170117175140175.jpg.chip,UTKFace,UTKFace/33_1_0_20170117175140175.jpg.chip.jpg,White,Female,33.0,200.0,200.0,,,train
FF_35132,FairFace,FairFace/train/35132.jpg,Black,Male,,,,20-29,True,train
UTK_26_1_3_20170119193146682.jpg.chip,UTKFace,UTKFace/26_1_3_20170119193146682.jpg.chip.jpg,SouthAsian,Female,26.0,200.0,200.0,,,train
UTK_26_0_1_20170116204952113.jpg.chip,UTKFace,UTKFace/26_0_1_20170116204952113.jpg.chip.jpg,Black,Male,26.0,200.0,200.0,,,train
FF_30070,FairFace,FairFace/train/30070.jpg,Black,Female,,,,20-29,True,train
UTK_26_1_2_20170117201411430.jpg.chip,UTKFace,UTKFace/26_1_2_20170117201411430.jpg.chip.jpg,EastAsian,Female,26.0,200.0,200.0,,,train
UTK_35_1_2_20170116233432190.jpg.chip,UTKFace,UTKFace/35_1_2_20170116233432190.jpg.chip.jpg,EastAsian,Female,35.0,200.0,200.0,,,train
FF_5553,FairFace,FairFace/val/5553.jpg,White,Male,,,,30-39,True,train
UTK_55_0_3_20170117175457824.jpg.chip,UTKFace,UTKFace/55_0_3_20170117175457824.jpg.chip.jpg,SouthAsian,Male,55.0,200.0,200.0,,,train
FF_37383,FairFace,FairFace/train/37383.jpg,White,Female,,,,30-39,True,train
UTK_30_1_2_20170116162634192.jpg.chip,UTKFace,UTKFace/30_1_2_20170116162634192.jpg.chip.jpg,EastAsian,Female,30.0,200.0,200.0,,,train
FF_31712,FairFace,FairFace/train/31712.jpg,White,Male,,,,40-49,False,train
FF_6852,FairFace,FairFace/train/6852.jpg,White,Female,,,,50-59,False,train
FF_5389,FairFace,FairFace/val/5389.jpg,White,Male,,,,50-59,True,train
FF_63126,FairFace,FairFace/train/63126.jpg,White,Male,,,,20-29,False,train
UTK_26_1_3_20170119180605476.jpg.chip,UTKFace,UTKFace/26_1_3_20170119180605476.jpg.chip.jpg,SouthAsian,Female,26.0,200.0,200.0,,,train
UTK_1_1_3_20161219225515600.jpg.chip,UTKFace,UTKFace/1_1_3_20161219225515600.jpg.chip.jpg,SouthAsian,Female,1.0,200.0,200.0,,,train
UTK_55_0_2_20170104023159589.jpg.chip,UTKFace,UTKFace/55_0_2_20170104023159589.jpg.chip.jpg,EastAsian,Male,55.0,200.0,200.0,,,train
UTK_55_0_3_20170105180635542.jpg.chip,UTKFace,UTKFace/55_0_3_20170105180635542.jpg.chip.jpg,SouthAsian,Male,55.0,200.0,200.0,,,train
UTK_45_0_1_20170120223517421.jpg.chip,UTKFace,UTKFace/45_0_1_20170120223517421.jpg.chip.jpg,Black,Male,45.0,200.0,200.0,,,train
FF_17276,FairFace,FairFace/train/17276.jpg,White,Male,,,,20-29,False,train
FF_21871,FairFace,FairFace/train/21871.jpg,White,Male,,,,40-49,False,train
UTK_25_1_3_20170117151958483.jpg.chip,UTKFace,UTKFace/25_1_3_20170117151958483.jpg.chip.jpg,SouthAsian,Female,25.0,200.0,200.0,,,train
UTK_61_0_3_20170119211835296.jpg.chip,UTKFace,UTKFace/61_0_3_20170119211835296.jpg.chip.jpg,SouthAsian,Male,61.0,200.0,200.0,,,train
UTK_48_0_3_20170119205339015.jpg.chip,UTKFace,UTKFace/48_0_3_20170119205339015.jpg.chip.jpg,SouthAsian,Male,48.0,200.0,200.0,,,train
FF_62573,FairFace,FairFace/train/62573.jpg,Black,Male,,,,3-9,False,train
UTK_39_0_1_20170113141736403.jpg.chip,UTKFace,UTKFace/39_0_1_20170113141736403.jpg.chip.jpg,Black,Male,39.0,200.0,200.0,,,train
FF_83946,FairFace,FairFace/train/83946.jpg,Black,Female,,,,60-69,True,train
UTK_5_0_2_20161219222232487.jpg.chip,UTKFace,UTKFace/5_0_2_20161219222232487.jpg.chip.jpg,EastAsian,Male,5.0,200.0,200.0,,,train
FF_83587,FairFace,FairFace/train/83587.jpg,Black,Female,,,,20-29,False,train
UTK_32_0_2_20170117133724452.jpg.chip,UTKFace,UTKFace/32_0_2_20170117133724452.jpg.chip.jpg,EastAsian,Male,32.0,200.0,200.0,,,train
FF_23601,FairFace,FairFace/train/23601.jpg,White,Female,,,,30-39,True,train
UTK_24_1_1_20170112230626278.jpg.chip,UTKFace,UTKFace/24_1_1_20170112230626278.jpg.chip.jpg,Black,Female,24.0,200.0,200.0,,,train
FF_8779,FairFace,FairFace/val/8779.jpg,White,Male,,,,30-39,False,train
UTK_21_1_3_20170104231611130.jpg.chip,UTKFace,UTKFace/21_1_3_20170104231611130.jpg.chip.jpg,SouthAsian,Female,21.0,200.0,200.0,,,train
UTK_48_1_1_20170113001756978.jpg.chip,UTKFace,UTKFace/48_1_1_20170113001756978.jpg.chip.jpg,Black,Female,48.0,200.0,200.0,,,train
FF_36506,FairFace,FairFace/train/36506.jpg,Black,Female,,,,10-19,False,train
FF_79815,FairFace,FairFace/train/79815.jpg,White,Male,,,,40-49,False,train
FF_53756,FairFace,FairFace/train/53756.jpg,Black,Male,,,,0-2,True,train
UTK_25_0_1_20170113151350864.jpg.chip,UTKFace,UTKFace/25_0_1_20170113151350864.jpg.chip.jpg,Black,Male,25.0,200.0,200.0,,,train
UTK_26_0_0_20170117091213670.jpg.chip,UTKFace,UTKFace/26_0_0_20170117091213670.jpg.chip.jpg,White,Male,26.0,200.0,200.0,,,train
UTK_1_0_2_20161219200004228.jpg.chip,UTKFace,UTKFace/1_0_2_20161219200004228.jpg.chip.jpg,EastAsian,Male,1.0,200.0,200.0,,,train
FF_84248,FairFace,FairFace/train/84248.jpg,White,Male,,,,20-29,False,train
UTK_52_0_0_20170109132901912.jpg.chip,UTKFace,UTKFace/52_0_0_20170109132901912.jpg.chip.jpg,White,Male,52.0,200.0,200.0,,,train
UTK_40_0_3_20170119153055608.jpg.chip,UTKFace,UTKFace/40_0_3_20170119153055608.jpg.chip.jpg,SouthAsian,Male,40.0,200.0,200.0,,,train
UTK_18_1_2_20170109213146944.jpg.chip,UTKFace,UTKFace/18_1_2_20170109213146944.jpg.chip.jpg,EastAsian,Female,18.0,200.0,200.0,,,train
FF_14935,FairFace,FairFace/train/14935.jpg,Black,Male,,,,10-19,True,train
FF_54690,FairFace,FairFace/train/54690.jpg,White,Female,,,,20-29,False,train
FF_61843,FairFace,FairFace/train/61843.jpg,Black,Male,,,,20-29,True,train
FF_7653,FairFace,FairFace/val/7653.jpg,White,Male,,,,3-9,False,train
FF_19289,FairFace,FairFace/train/19289.jpg,Black,Male,,,,30-39,True,train
UTK_68_0_0_20170117184556032.jpg.chip,UTKFace,UTKFace/68_0_0_20170117184556032.jpg.chip.jpg,White,Male,68.0,200.0,200.0,,,train
FF_8944,FairFace,FairFace/val/8944.jpg,White,Male,,,,0-2,False,train
UTK_34_0_0_20170117120149082.jpg.chip,UTKFace,UTKFace/34_0_0_20170117120149082.jpg.chip.jpg,White,Male,34.0,200.0,200.0,,,train
FF_27930,FairFace,FairFace/train/27930.jpg,Black,Male,,,,3-9,False,train
UTK_30_0_1_20170117202825454.jpg.chip,UTKFace,UTKFace/30_0_1_20170117202825454.jpg.chip.jpg,Black,Male,30.0,200.0,200.0,,,train
FF_49105,FairFace,FairFace/train/49105.jpg,Black,Female,,,,20-29,True,train
UTK_26_1_0_20170117152808211.jpg.chip,UTKFace,UTKFace/26_1_0_20170117152808211.jpg.chip.jpg,White,Female,26.0,200.0,200.0,,,train
UTK_31_1_3_20170104222647935.jpg.chip,UTKFace,UTKFace/31_1_3_20170104222647935.jpg.chip.jpg,SouthAsian,Female,31.0,200.0,200.0,,,train
UTK_46_0_1_20170113151900392.jpg.chip,UTKFace,UTKFace/46_0_1_20170113151900392.jpg.chip.jpg,Black,Male,46.0,200.0,200.0,,,train
UTK_26_0_2_20170116175940674.jpg.chip,UTKFace,UTKFace/26_0_2_20170116175940674.jpg.chip.jpg,EastAsian,Male,26.0,200.0,200.0,,,train
FF_19196,FairFace,FairFace/train/19196.jpg,White,Female,,,,20-29,False,train
UTK_55_0_2_20170116172931526.jpg.chip,UTKFace,UTKFace/55_0_2_20170116172931526.jpg.chip.jpg,EastAsian,Male,55.0,200.0,200.0,,,train
FF_12769,FairFace,FairFace/train/12769.jpg,Black,Female,,,,30-39,True,train
UTK_75_1_0_20170120225821626.jpg.chip,UTKFace,UTKFace/75_1_0_20170120225821626.jpg.chip.jpg,White,Female,75.0,200.0,200.0,,,train
UTK_1_1_2_20161219205522365.jpg.chip,UTKFace,UTKFace/1_1_2_20161219205522365.jpg.chip.jpg,EastAsian,Female,1.0,200.0,200.0,,,train
FF_82301,FairFace,FairFace/train/82301.jpg,Black,Female,,,,10-19,True,train
FF_77288,FairFace,FairFace/train/77288.jpg,White,Male,,,,50-59,False,train
FF_13454,FairFace,FairFace/train/13454.jpg,White,Female,,,,0-2,False,train
FF_76743,FairFace,FairFace/train/76743.jpg,White,Male,,,,30-39,True,train
UTK_30_1_3_20170104214339133.jpg.chip,UTKFace,UTKFace/30_1_3_20170104214339133.jpg.chip.jpg,SouthAsian,Female,30.0,200.0,200.0,,,train
FF_66068,FairFace,FairFace/train/66068.jpg,White,Female,,,,3-9,True,train
FF_3306,FairFace,FairFace/train/3306.jpg,White,Male,,,,30-39,False,train
UTK_32_0_0_20170117120858247.jpg.chip,UTKFace,UTKFace/32_0_0_20170117120858247.jpg.chip.jpg,White,Male,32.0,200.0,200.0,,,train
FF_74116,FairFace,FairFace/train/74116.jpg,White,Female,,,,30-39,True,train
UTK_61_0_2_20170116193742399.jpg.chip,UTKFace,UTKFace/61_0_2_20170116193742399.jpg.chip.jpg,EastAsian,Male,61.0,200.0,200.0,,,train
FF_28439,FairFace,FairFace/train/28439.jpg,White,Male,,,,20-29,False,train
UTK_28_1_2_20170116165557121.jpg.chip,UTKFace,UTKFace/28_1_2_20170116165557121.jpg.chip.jpg,EastAsian,Female,28.0,200.0,200.0,,,train
UTK_32_1_3_20170117184329913.jpg.chip,UTKFace,UTKFace/32_1_3_20170117184329913.jpg.chip.jpg,SouthAsian,Female,32.0,200.0,200.0,,,train
UTK_28_1_3_20170104231433217.jpg.chip,UTKFace,UTKFace/28_1_3_20170104231433217.jpg.chip.jpg,SouthAsian,Female,28.0,200.0,200.0,,,val
FF_35294,FairFace,FairFace/train/35294.jpg,Black,Female,,,,30-39,False,val
FF_35882,FairFace,FairFace/train/35882.jpg,Black,Male,,,,30-39,True,val
UTK_22_1_2_20170116172706771.jpg.chip,UTKFace,UTKFace/22_1_2_20170116172706771.jpg.chip.jpg,EastAsian,Female,22.0,200.0,200.0,,,val
UTK_35_0_3_20170119201417013.jpg.chip,UTKFace,UTKFace/35_0_3_20170119201417013.jpg.chip.jpg,SouthAsian,Male,35.0,200.0,200.0,,,val
UTK_2_0_2_20161219222111287.jpg.chip,UTKFace,UTKFace/2_0_2_20161219222111287.jpg.chip.jpg,EastAsian,Male,2.0,200.0,200.0,,,val
FF_5555,FairFace,FairFace/val/5555.jpg,Black,Male,,,,30-39,True,val
FF_8890,FairFace,FairFace/val/8890.jpg,White,Female,,,,50-59,False,val
FF_22182,FairFace,FairFace/train/22182.jpg,Black,Male,,,,3-9,True,val
FF_17817,FairFace,FairFace/train/17817.jpg,White,Male,,,,30-39,False,val
UTK_32_0_1_20170113141930308.jpg.chip,UTKFace,UTKFace/32_0_1_20170113141930308.jpg.chip.jpg,Black,Male,32.0,200.0,200.0,,,val
UTK_67_0_0_20170104213345869.jpg.chip,UTKFace,UTKFace/67_0_0_20170104213345869.jpg.chip.jpg,White,Male,67.0,200.0,200.0,,,val
UTK_24_1_2_20170116173512698.jpg.chip,UTKFace,UTKFace/24_1_2_20170116173512698.jpg.chip.jpg,EastAsian,Female,24.0,200.0,200.0,,,val
UTK_1_1_3_20161220220214417.jpg.chip,UTKFace,UTKFace/1_1_3_20161220220214417.jpg.chip.jpg,SouthAsian,Female,1.0,200.0,200.0,,,val
UTK_35_0_1_20170113152731945.jpg.chip,UTKFace,UTKFace/35_0_1_20170113152731945.jpg.chip.jpg,Black,Male,35.0,200.0,200.0,,,val
FF_24756,FairFace,FairFace/train/24756.jpg,Black,Female,,,,10-19,False,val
UTK_42_0_0_20170117154802006.jpg.chip,UTKFace,UTKFace/42_0_0_20170117154802006.jpg.chip.jpg,White,Male,42.0,200.0,200.0,,,val
FF_50625,FairFace,FairFace/train/50625.jpg,Black,Male,,,,20-29,True,val
UTK_38_1_1_20170116223044761.jpg.chip,UTKFace,UTKFace/38_1_1_20170116223044761.jpg.chip.jpg,Black,Female,38.0,200.0,200.0,,,val
UTK_29_1_2_20170116164927601.jpg.chip,UTKFace,UTKFace/29_1_2_20170116164927601.jpg.chip.jpg,EastAsian,Female,29.0,200.0,200.0,,,val
FF_45315,FairFace,FairFace/train/45315.jpg,Black,Male,,,,40-49,True,val
FF_22627,FairFace,FairFace/train/22627.jpg,White,Female,,,,30-39,False,val
FF_32016,FairFace,FairFace/train/32016.jpg,White,Male,,,,60-69,False,val
FF_73708,FairFace,FairFace/train/73708.jpg,Black,Male,,,,3-9,False,val
FF_77128,FairFace,FairFace/train/77128.jpg,White,Male,,,,30-39,True,val
FF_55304,FairFace,FairFace/train/55304.jpg,White,Male,,,,20-29,True,val
UTK_30_0_3_20170117130709884.jpg.chip,UTKFace,UTKFace/30_0_3_20170117130709884.jpg.chip.jpg,SouthAsian,Male,30.0,200.0,200.0,,,val
FF_14608,FairFace,FairFace/train/14608.jpg,Black,Male,,,,50-59,False,val
UTK_63_0_0_20170117194948539.jpg.chip,UTKFace,UTKFace/63_0_0_20170117194948539.jpg.chip.jpg,White,Male,63.0,200.0,200.0,,,val
UTK_28_0_3_20170119194509114.jpg.chip,UTKFace,UTKFace/28_0_3_20170119194509114.jpg.chip.jpg,SouthAsian,Male,28.0,200.0,200.0,,,val
FF_8640,FairFace,FairFace/val/8640.jpg,White,Female,,,,50-59,False,val
FF_66631,FairFace,FairFace/train/66631.jpg,Black,Male,,,,3-9,False,val
FF_54608,FairFace,FairFace/train/54608.jpg,White,Female,,,,more than 70,False,val
UTK_24_0_2_20170116165205506.jpg.chip,UTKFace,UTKFace/24_0_2_20170116165205506.jpg.chip.jpg,EastAsian,Male,24.0,200.0,200.0,,,val
UTK_25_1_0_20170105002736333.jpg.chip,UTKFace,UTKFace/25_1_0_20170105002736333.jpg.chip.jpg,White,Female,25.0,200.0,200.0,,,val
FF_10141,FairFace,FairFace/train/10141.jpg,Black,Male,,,,3-9,True,val
FF_58131,FairFace,FairFace/train/58131.jpg,Black,Male,,,,3-9,False,val
UTK_1_0_2_20161219155349310.jpg.chip,UTKFace,UTKFace/1_0_2_20161219155349310.jpg.chip.jpg,EastAsian,Male,1.0,200.0,200.0,,,val
UTK_40_0_3_20170119203747574.jpg.chip,UTKFace,UTKFace/40_0_3_20170119203747574.jpg.chip.jpg,SouthAsian,Male,40.0,200.0,200.0,,,val
FF_10650,FairFace,FairFace/val/10650.jpg,Black,Female,,,,40-49,False,val
UTK_60_0_3_20170119205502432.jpg.chip,UTKFace,UTKFace/60_0_3_20170119205502432.jpg.chip.jpg,SouthAsian,Male,60.0,200.0,200.0,,,val
FF_9574,FairFace,FairFace/train/9574.jpg,White,Female,,,,10-19,True,val
FF_10222,FairFace,FairFace/val/10222.jpg,White,Male,,,,50-59,False,val
FF_85118,FairFace,FairFace/train/85118.jpg,Black,Female,,,,10-19,True,val
FF_22507,FairFace,FairFace/train/22507.jpg,White,Female,,,,20-29,False,val
FF_37387,FairFace,FairFace/train/37387.jpg,White,Male,,,,30-39,False,val
UTK_48_0_2_20170117160518496.jpg.chip,UTKFace,UTKFace/48_0_2_20170117160518496.jpg.chip.jpg,EastAsian,Male,48.0,200.0,200.0,,,val
UTK_3_1_3_20161219230121032.jpg.chip,UTKFace,UTKFace/3_1_3_20161219230121032.jpg.chip.jpg,SouthAsian,Female,3.0,200.0,200.0,,,val
UTK_18_1_0_20170109212826322.jpg.chip,UTKFace,UTKFace/18_1_0_20170109212826322.jpg.chip.jpg,White,Female,18.0,200.0,200.0,,,val
UTK_38_1_0_20170104201657730.jpg.chip,UTKFace,UTKFace/38_1_0_20170104201657730.jpg.chip.jpg,White,Female,38.0,200.0,200.0,,,val
FF_23490,FairFace,FairFace/train/23490.jpg,Black,Female,,,,3-9,False,val
UTK_26_1_2_20170116233134701.jpg.chip,UTKFace,UTKFace/26_1_2_20170116233134701.jpg.chip.jpg,EastAsian,Female,26.0,200.0,200.0,,,val
FF_9325,FairFace,FairFace/train/9325.jpg,Black,Male,,,,20-29,True,val
FF_73596,FairFace,FairFace/train/73596.jpg,Black,Male,,,,30-39,False,val
UTK_23_1_0_20170104165334721.jpg.chip,UTKFace,UTKFace/23_1_0_20170104165334721.jpg.chip.jpg,White,Female,23.0,200.0,200.0,,,val
UTK_45_0_0_20170116212320846.jpg.chip,UTKFace,UTKFace/45_0_0_20170116212320846.jpg.chip.jpg,White,Male,45.0,200.0,200.0,,,val
FF_58476,FairFace,FairFace/train/58476.jpg,Black,Male,,,,more than 70,False,val
FF_18825,FairFace,FairFace/train/18825.jpg,White,Female,,,,20-29,False,val
FF_18565,FairFace,FairFace/train/18565.jpg,Black,Female,,,,40-49,False,val
FF_7401,FairFace,FairFace/train/7401.jpg,Black,Male,,,,10-19,False,val
FF_34196,FairFace,FairFace/train/34196.jpg,White,Male,,,,20-29,True,val
UTK_17_1_3_20170119153627673.jpg.chip,UTKFace,UTKFace/17_1_3_20170119153627673.jpg.chip.jpg,SouthAsian,Female,17.0,200.0,200.0,,,val
UTK_40_0_2_20170116173555334.jpg.chip,UTKFace,UTKFace/40_0_2_20170116173555334.jpg.chip.jpg,EastAsian,Male,40.0,200.0,200.0,,,val
FF_60466,FairFace,FairFace/train/60466.jpg,White,Male,,,,3-9,False,val
UTK_23_0_2_20170116172856091.jpg.chip,UTKFace,UTKFace/23_0_2_20170116172856091.jpg.chip.jpg,EastAsian,Male,23.0,200.0,200.0,,,val
UTK_1_0_2_20161219161625326.jpg.chip,UTKFace,UTKFace/1_0_2_20161219161625326.jpg.chip.jpg,EastAsian,Male,1.0,200.0,200.0,,,val
UTK_1_0_3_20161220144712431.jpg.chip,UTKFace,UTKFace/1_0_3_20161220144712431.jpg.chip.jpg,SouthAsian,Male,1.0,200.0,200.0,,,val
UTK_21_1_1_20170116233611534.jpg.chip,UTKFace,UTKFace/21_1_1_20170116233611534.jpg.chip.jpg,Black,Female,21.0,200.0,200.0,,,val
UTK_15_1_1_20170112191208424.jpg.chip,UTKFace,UTKFace/15_1_1_20170112191208424.jpg.chip.jpg,Black,Female,15.0,200.0,200.0,,,val
FF_20456,FairFace,FairFace/train/20456.jpg,Black,Female,,,,20-29,False,val
UTK_42_1_2_20170107212130951.jpg.chip,UTKFace,UTKFace/42_1_2_20170107212130951.jpg.chip.jpg,EastAsian,Female,42.0,200.0,200.0,,,val
FF_7615,FairFace,FairFace/val/7615.jpg,White,Male,,,,40-49,False,val
UTK_89_0_1_20170117182437361.jpg.chip,UTKFace,UTKFace/89_0_1_20170117182437361.jpg.chip.jpg,Black,Male,89.0,200.0,200.0,,,val
FF_83304,FairFace,FairFace/train/83304.jpg,White,Male,,,,20-29,False,val
UTK_2_1_2_20161219211625838.jpg.chip,UTKFace,UTKFace/2_1_2_20161219211625838.jpg.chip.jpg,EastAsian,Female,2.0,200.0,200.0,,,val
UTK_26_1_3_20170119193117522.jpg.chip,UTKFace,UTKFace/26_1_3_20170119193117522.jpg.chip.jpg,SouthAsian,Female,26.0,200.0,200.0,,,val
FF_82614,FairFace,FairFace/train/82614.jpg,White,Male,,,,20-29,False,val
FF_66823,FairFace,FairFace/train/66823.jpg,Black,Male,,,,3-9,False,val
FF_30469,FairFace,FairFace/train/30469.jpg,Black,Female,,,,30-39,False,val
FF_10812,FairFace,FairFace/train/10812.jpg,White,Male,,,,30-39,True,val
FF_68724,FairFace,FairFace/train/68724.jpg,White,Male,,,,30-39,False,val
UTK_67_0_3_20170119212010042.jpg.chip,UTKFace,UTKFace/67_0_3_20170119212010042.jpg.chip.jpg,SouthAsian,Male,67.0,200.0,200.0,,,val
UTK_2_0_2_20161219142522753.jpg.chip,UTKFace,UTKFace/2_0_2_20161219142522753.jpg.chip.jpg,EastAsian,Male,2.0,200.0,200.0,,,val
FF_78197,FairFace,FairFace/train/78197.jpg,Black,Female,,,,3-9,False,val
UTK_10_1_0_20170109203556029.jpg.chip,UTKFace,UTKFace/10_1_0_20170109203556029.jpg.chip.jpg,White,Female,10.0,200.0,200.0,,,val
FF_33389,FairFace,FairFace/train/33389.jpg,White,Male,,,,20-29,True,val
FF_52458,FairFace,FairFace/train/52458.jpg,White,Male,,,,40-49,False,val
FF_7602,FairFace,FairFace/val/7602.jpg,Black,Female,,,,20-29,False,val
FF_13377,FairFace,FairFace/train/13377.jpg,White,Female,,,,20-29,True,val
FF_23337,FairFace,FairFace/train/23337.jpg,White,Female,,,,40-49,True,val
UTK_28_0_2_20170116164352558.jpg.chip,UTKFace,UTKFace/28_0_2_20170116164352558.jpg.chip.jpg,EastAsian,Male,28.0,200.0,200.0,,,val
UTK_35_0_1_20170116002219767.jpg.chip,UTKFace,UTKFace/35_0_1_20170116002219767.jpg.chip.jpg,Black,Male,35.0,200.0,200.0,,,val
FF_15108,FairFace,FairFace/train/15108.jpg,Black,Female,,,,30-39,True,val
FF_24371,FairFace,FairFace/train/24371.jpg,Black,Female,,,,40-49,False,val
UTK_85_1_0_20170110183522560.jpg.chip,UTKFace,UTKFace/85_1_0_20170110183522560.jpg.chip.jpg,White,Female,85.0,200.0,200.0,,,val
UTK_35_0_2_20170105172512670.jpg.chip,UTKFace,UTKFace/35_0_2_20170105172512670.jpg.chip.jpg,EastAsian,Male,35.0,200.0,200.0,,,val
UTK_49_1_3_20170109132625049.jpg.chip,UTKFace,UTKFace/49_1_3_20170109132625049.jpg.chip.jpg,SouthAsian,Female,49.0,200.0,200.0,,,val
FF_3333,FairFace,FairFace/val/3333.jpg,White,Female,,,,20-29,False,val
FF_44371,FairFace,FairFace/train/44371.jpg,White,Female,,,,60-69,True,val
UTK_62_0_1_20170113185008129.jpg.chip,UTKFace,UTKFace/62_0_1_20170113185008129.jpg.chip.jpg,Black,Male,62.0,200.0,200.0,,,val
UTK_28_0_3_20170119194505829.jpg.chip,UTKFace,UTKFace/28_0_3_20170119194505829.jpg.chip.jpg,SouthAsian,Male,28.0,200.0,200.0,,,val
FF_17434,FairFace,FairFace/train/17434.jpg,Black,Female,,,,3-9,False,val
FF_47878,FairFace,FairFace/train/47878.jpg,Black,Male,,,,3-9,False,val
FF_53308,FairFace,FairFace/train/53308.jpg,Black,Male,,,,10-19,False,val
UTK_3_1_2_20161219151433163.jpg.chip,UTKFace,UTKFace/3_1_2_20161219151433163.jpg.chip.jpg,EastAsian,Female,3.0,200.0,200.0,,,val
FF_56943,FairFace,FairFace/train/56943.jpg,Black,Female,,,,3-9,False,val
FF_27966,FairFace,FairFace/train/27966.jpg,Black,Male,,,,60-69,False,val
FF_22737,FairFace,FairFace/train/22737.jpg,White,Female,,,,20-29,True,val
UTK_26_0_3_20170104230341769.jpg.chip,UTKFace,UTKFace/26_0_3_20170104230341769.jpg.chip.jpg,SouthAsian,Male,26.0,200.0,200.0,,,val
FF_67242,FairFace,FairFace/train/67242.jpg,Black,Male,,,,3-9,False,val
FF_12957,FairFace,FairFace/train/12957.jpg,White,Male,,,,20-29,False,val
FF_21698,FairFace,FairFace/train/21698.jpg,Black,Female,,,,30-39,False,val
UTK_89_1_2_20170110182930160.jpg.chip,UTKFace,UTKFace/89_1_2_20170110182930160.jpg.chip.jpg,EastAsian,Female,89.0,200.0,200.0,,,val
UTK_26_1_3_20170119144411037.jpg.chip,UTKFace,UTKFace/26_1_3_20170119144411037.jpg.chip.jpg,SouthAsian,Female,26.0,200.0,200.0,,,val
FF_5405,FairFace,FairFace/train/5405.jpg,Black,Female,,,,20-29,True,val
FF_70824,FairFace,FairFace/train/70824.jpg,White,Male,,,,more than 70,False,val
UTK_26_1_3_20170117153326979.jpg.chip,UTKFace,UTKFace/26_1_3_20170117153326979.jpg.chip.jpg,SouthAsian,Female,26.0,200.0,200.0,,,val
UTK_26_1_3_20170104215719454.jpg.chip,UTKFace,UTKFace/26_1_3_20170104215719454.jpg.chip.jpg,SouthAsian,Female,26.0,200.0,200.0,,,val
UTK_20_1_0_20170117133854316.jpg.chip,UTKFace,UTKFace/20_1_0_20170117133854316.jpg.chip.jpg,White,Female,20.0,200.0,200.0,,,val
FF_7587,FairFace,FairFace/val/7587.jpg,Black,Female,,,,30-39,False,val
FF_6529,FairFace,FairFace/train/6529.jpg,White,Female,,,,50-59,False,val
FF_4202,FairFace,FairFace/val/4202.jpg,Black,Male,,,,10-19,False,val
FF_78385,FairFace,FairFace/train/78385.jpg,White,Male,,,,40-49,False,val
FF_55082,FairFace,FairFace/train/55082.jpg,White,Female,,,,10-19,False,val
FF_27767,FairFace,FairFace/train/27767.jpg,White,Male,,,,10-19,True,val
FF_5215,FairFace,FairFace/train/5215.jpg,White,Male,,,,40-49,True,val
FF_42985,FairFace,FairFace/train/42985.jpg,White,Male,,,,40-49,False,val
UTK_31_1_0_20170117135716524.jpg.chip,UTKFace,UTKFace/31_1_0_20170117135716524.jpg.chip.jpg,White,Female,31.0,200.0,200.0,,,val
FF_12433,FairFace,FairFace/train/12433.jpg,White,Male,,,,30-39,True,val
FF_21493,FairFace,FairFace/train/21493.jpg,White,Male,,,,30-39,False,val
UTK_43_0_3_20170104204432075.jpg.chip,UTKFace,UTKFace/43_0_3_20170104204432075.jpg.chip.jpg,SouthAsian,Male,43.0,200.0,200.0,,,val
FF_3136,FairFace,FairFace/train/3136.jpg,White,Male,,,,50-59,False,val
FF_30153,FairFace,FairFace/train/30153.jpg,White,Female,,,,20-29,False,val
UTK_90_1_2_20170110183630709.jpg.chip,UTKFace,UTKFace/90_1_2_20170110183630709.jpg.chip.jpg,EastAsian,Female,90.0,200.0,200.0,,,val
FF_55815,FairFace,FairFace/train/55815.jpg,White,Male,,,,20-29,True,val
UTK_26_1_3_20170119153452146.jpg.chip,UTKFace,UTKFace/26_1_3_20170119153452146.jpg.chip.jpg,SouthAsian,Female,26.0,200.0,200.0,,,test
UTK_56_0_3_20170119174930466.jpg.chip,UTKFace,UTKFace/56_0_3_20170119174930466.jpg.chip.jpg,SouthAsian,Male,56.0,200.0,200.0,,,test
FF_1079,FairFace,FairFace/train/1079.jpg,Black,Female,,,,30-39,False,test
FF_19075,FairFace,FairFace/train/19075.jpg,White,Female,,,,10-19,True,test
UTK_42_0_2_20170104192610039.jpg.chip,UTKFace,UTKFace/42_0_2_20170104192610039.jpg.chip.jpg,EastAsian,Male,42.0,200.0,200.0,,,test
UTK_56_0_3_20170119180916188.jpg.chip,UTKFace,UTKFace/56_0_3_20170119180916188.jpg.chip.jpg,SouthAsian,Male,56.0,200.0,200.0,,,test
FF_60342,FairFace,FairFace/train/60342.jpg,White,Female,,,,0-2,False,test
FF_72970,FairFace,FairFace/train/72970.jpg,White,Male,,,,3-9,False,test
FF_59483,FairFace,FairFace/train/59483.jpg,Black,Female,,,,30-39,False,test
UTK_34_0_3_20170119175427012.jpg.chip,UTKFace,UTKFace/34_0_3_20170119175427012.jpg.chip.jpg,SouthAsian,Male,34.0,200.0,200.0,,,test
UTK_3_1_0_20170109192434126.jpg.chip,UTKFace,UTKFace/3_1_0_20170109192434126.jpg.chip.jpg,White,Female,3.0,200.0,200.0,,,test
FF_26445,FairFace,FairFace/train/26445.jpg,White,Female,,,,10-19,True,test
FF_45141,FairFace,FairFace/train/45141.jpg,White,Female,,,,10-19,False,test
UTK_16_0_3_20170110232812662.jpg.chip,UTKFace,UTKFace/16_0_3_20170110232812662.jpg.chip.jpg,SouthAsian,Male,16.0,200.0,200.0,,,test
FF_21961,FairFace,FairFace/train/21961.jpg,Black,Female,,,,50-59,False,test
FF_23894,FairFace,FairFace/train/23894.jpg,Black,Male,,,,10-19,True,test
UTK_1_1_2_20170109193557242.jpg.chip,UTKFace,UTKFace/1_1_2_20170109193557242.jpg.chip.jpg,EastAsian,Female,1.0,200.0,200.0,,,test
UTK_63_0_0_20170111195517664.jpg.chip,UTKFace,UTKFace/63_0_0_20170111195517664.jpg.chip.jpg,White,Male,63.0,200.0,200.0,,,test
FF_45274,FairFace,FairFace/train/45274.jpg,Black,Male,,,,10-19,False,test
FF_67110,FairFace,FairFace/train/67110.jpg,White,Male,,,,30-39,False,test
FF_61944,FairFace,FairFace/train/61944.jpg,White,Male,,,,20-29,True,test
FF_78890,FairFace,FairFace/train/78890.jpg,Black,Male,,,,50-59,True,test
FF_61775,FairFace,FairFace/train/61775.jpg,Black,Male,,,,40-49,False,test
FF_42135,FairFace,FairFace/train/42135.jpg,White,Female,,,,30-39,False,test
FF_78473,FairFace,FairFace/train/78473.jpg,White,Male,,,,40-49,False,test
UTK_32_0_3_20170119200203836.jpg.chip,UTKFace,UTKFace/32_0_3_20170119200203836.jpg.chip.jpg,SouthAsian,Male,32.0,200.0,200.0,,,test
FF_8579,FairFace,FairFace/train/8579.jpg,White,Male,,,,0-2,False,test
FF_34446,FairFace,FairFace/train/34446.jpg,Black,Male,,,,20-29,True,test
UTK_58_0_2_20170116193604774.jpg.chip,UTKFace,UTKFace/58_0_2_20170116193604774.jpg.chip.jpg,EastAsian,Male,58.0,200.0,200.0,,,test
FF_62032,FairFace,FairFace/train/62032.jpg,Black,Male,,,,30-39,True,test
UTK_26_1_2_20170116162412165.jpg.chip,UTKFace,UTKFace/26_1_2_20170116162412165.jpg.chip.jpg,EastAsian,Female,26.0,200.0,200.0,,,test
FF_45228,FairFace,FairFace/train/45228.jpg,Black,Female,,,,10-19,False,test
FF_69733,FairFace,FairFace/train/69733.jpg,Black,Female,,,,50-59,True,test
FF_38342,FairFace,FairFace/train/38342.jpg,Black,Female,,,,3-9,False,test
UTK_19_1_0_20170109214615122.jpg.chip,UTKFace,UTKFace/19_1_0_20170109214615122.jpg.chip.jpg,White,Female,19.0,200.0,200.0,,,test
UTK_31_0_3_20170104165548728.jpg.chip,UTKFace,UTKFace/31_0_3_20170104165548728.jpg.chip.jpg,SouthAsian,Male,31.0,200.0,200.0,,,test
UTK_46_0_3_20170119183449213.jpg.chip,UTKFace,UTKFace/46_0_3_20170119183449213.jpg.chip.jpg,SouthAsian,Male,46.0,200.0,200.0,,,test
FF_21776,FairFace,FairFace/train/21776.jpg,Black,Male,,,,3-9,False,test
FF_26716,FairFace,FairFace/train/26716.jpg,White,Female,,,,20-29,False,test
FF_11214,FairFace,FairFace/train/11214.jpg,Black,Male,,,,40-49,False,test
UTK_18_1_3_20170104221936503.jpg.chip,UTKFace,UTKFace/18_1_3_20170104221936503.jpg.chip.jpg,SouthAsian,Female,18.0,200.0,200.0,,,test
FF_19419,FairFace,FairFace/train/19419.jpg,Black,Male,,,,20-29,True,test
FF_83192,FairFace,FairFace/train/83192.jpg,Black,Male,,,,20-29,True,test
UTK_24_1_2_20170116171657075.jpg.chip,UTKFace,UTKFace/24_1_2_20170116171657075.jpg.chip.jpg,EastAsian,Female,24.0,200.0,200.0,,,test
UTK_26_1_3_20170104214236981.jpg.chip,UTKFace,UTKFace/26_1_3_20170104214236981.jpg.chip.jpg,SouthAsian,Female,26.0,200.0,200.0,,,test
UTK_42_0_1_20170113155055273.jpg.chip,UTKFace,UTKFace/42_0_1_20170113155055273.jpg.chip.jpg,Black,Male,42.0,200.0,200.0,,,test
FF_31897,FairFace,FairFace/train/31897.jpg,White,Female,,,,30-39,True,test
FF_11899,FairFace,FairFace/train/11899.jpg,White,Male,,,,50-59,False,test
UTK_22_1_1_20170113010336430.jpg.chip,UTKFace,UTKFace/22_1_1_20170113010336430.jpg.chip.jpg,Black,Female,22.0,200.0,200.0,,,test
FF_34415,FairFace,FairFace/train/34415.jpg,Black,Female,,,,20-29,True,test
FF_5206,FairFace,FairFace/train/5206.jpg,White,Male,,,,10-19,True,test
FF_75259,FairFace,FairFace/train/75259.jpg,Black,Male,,,,30-39,True,test
UTK_1_0_2_20161219205717701.jpg.chip,UTKFace,UTKFace/1_0_2_20161219205717701.jpg.chip.jpg,EastAsian,Male,1.0,200.0,200.0,,,test
FF_29109,FairFace,FairFace/train/29109.jpg,Black,Female,,,,20-29,True,test
UTK_29_1_3_20170103214234261.jpg.chip,UTKFace,UTKFace/29_1_3_20170103214234261.jpg.chip.jpg,SouthAsian,Female,29.0,200.0,200.0,,,test
UTK_26_1_1_20170117200345500.jpg.chip,UTKFace,UTKFace/26_1_1_20170117200345500.jpg.chip.jpg,Black,Female,26.0,200.0,200.0,,,test
UTK_63_0_3_20170119211934680.jpg.chip,UTKFace,UTKFace/63_0_3_20170119211934680.jpg.chip.jpg,SouthAsian,Male,63.0,200.0,200.0,,,test
FF_62901,FairFace,FairFace/train/62901.jpg,Black,Female,,,,30-39,False,test
FF_43314,FairFace,FairFace/train/43314.jpg,Black,Male,,,,20-29,True,test
FF_77951,FairFace,FairFace/train/77951.jpg,White,Female,,,,30-39,False,test
UTK_29_0_2_20170116163545392.jpg.chip,UTKFace,UTKFace/29_0_2_20170116163545392.jpg.chip.jpg,EastAsian,Male,29.0,200.0,200.0,,,test
FF_70000,FairFace,FairFace/train/70000.jpg,White,Male,,,,10-19,True,test
FF_1911,FairFace,FairFace/train/1911.jpg,Black,Male,,,,50-59,True,test
FF_49769,FairFace,FairFace/train/49769.jpg,White,Female,,,,60-69,False,test
FF_60480,FairFace,FairFace/train/60480.jpg,White,Female,,,,20-29,True,test
UTK_30_0_3_20170119204751837.jpg.chip,UTKFace,UTKFace/30_0_3_20170119204751837.jpg.chip.jpg,SouthAsian,Male,30.0,200.0,200.0,,,test
FF_47094,FairFace,FairFace/train/47094.jpg,White,Male,,,,20-29,True,test
FF_28178,FairFace,FairFace/train/28178.jpg,White,Male,,,,20-29,True,test
UTK_26_0_1_20170117200138532.jpg.chip,UTKFace,UTKFace/26_0_1_20170117200138532.jpg.chip.jpg,Black,Male,26.0,200.0,200.0,,,test
FF_11228,FairFace,FairFace/train/11228.jpg,White,Female,,,,30-39,False,test
FF_50499,FairFace,FairFace/train/50499.jpg,Black,Female,,,,20-29,True,test
FF_15504,FairFace,FairFace/train/15504.jpg,Black,Male,,,,20-29,True,test
FF_52180,FairFace,FairFace/train/52180.jpg,White,Male,,,,30-39,False,test
UTK_25_1_3_20170104222459455.jpg.chip,UTKFace,UTKFace/25_1_3_20170104222459455.jpg.chip.jpg,SouthAsian,Female,25.0,200.0,200.0,,,test
UTK_56_1_3_20170109141207996.jpg.chip,UTKFace,UTKFace/56_1_3_20170109141207996.jpg.chip.jpg,SouthAsian,Female,56.0,200.0,200.0,,,test
FF_19046,FairFace,FairFace/train/19046.jpg,White,Male,,,,50-59,False,test
FF_22512,FairFace,FairFace/train/22512.jpg,White,Female,,,,20-29,False,test
FF_6848,FairFace,FairFace/val/6848.jpg,White,Male,,,,20-29,False,test
UTK_54_1_3_20170109140625083.jpg.chip,UTKFace,UTKFace/54_1_3_20170109140625083.jpg.chip.jpg,SouthAsian,Female,54.0,200.0,200.0,,,test
UTK_51_1_1_20170110120110913.jpg.chip,UTKFace,UTKFace/51_1_1_20170110120110913.jpg.chip.jpg,Black,Female,51.0,200.0,200.0,,,test
UTK_29_1_2_20170104021748445.jpg.chip,UTKFace,UTKFace/29_1_2_20170104021748445.jpg.chip.jpg,EastAsian,Female,29.0,200.0,200.0,,,test
UTK_24_1_2_20170116173507147.jpg.chip,UTKFace,UTKFace/24_1_2_20170116173507147.jpg.chip.jpg,EastAsian,Female,24.0,200.0,200.0,,,test
FF_43298,FairFace,FairFace/train/43298.jpg,White,Female,,,,40-49,True,test
UTK_24_1_1_20170112203907818.jpg.chip,UTKFace,UTKFace/24_1_1_20170112203907818.jpg.chip.jpg,Black,Female,24.0,200.0,200.0,,,test
UTK_25_1_3_20170119172152169.jpg.chip,UTKFace,UTKFace/25_1_3_20170119172152169.jpg.chip.jpg,SouthAsian,Female,25.0,200.0,200.0,,,test
UTK_32_0_3_20170119200351460.jpg.chip,UTKFace,UTKFace/32_0_3_20170119200351460.jpg.chip.jpg,SouthAsian,Male,32.0,200.0,200.0,,,test
FF_40126,FairFace,FairFace/train/40126.jpg,Black,Male,,,,30-39,True,test
UTK_25_1_3_20170117151955147.jpg.chip,UTKFace,UTKFace/25_1_3_20170117151955147.jpg.chip.jpg,SouthAsian,Female,25.0,200.0,200.0,,,test
FF_71648,FairFace,FairFace/train/71648.jpg,White,Female,,,,30-39,False,test
UTK_3_1_2_20161219140959953.jpg.chip,UTKFace,UTKFace/3_1_2_20161219140959953.jpg.chip.jpg,EastAsian,Female,3.0,200.0,200.0,,,test
UTK_2_0_2_20161219211219902.jpg.chip,UTKFace,UTKFace/2_0_2_20161219211219902.jpg.chip.jpg,EastAsian,Male,2.0,200.0,200.0,,,test
FF_35703,FairFace,FairFace/train/35703.jpg,White,Male,,,,30-39,False,test
FF_57356,FairFace,FairFace/train/57356.jpg,White,Male,,,,10-19,True,test
FF_55759,FairFace,FairFace/train/55759.jpg,White,Male,,,,10-19,True,test
UTK_27_1_2_20170116163739668.jpg.chip,UTKFace,UTKFace/27_1_2_20170116163739668.jpg.chip.jpg,EastAsian,Female,27.0,200.0,200.0,,,test
FF_11858,FairFace,FairFace/train/11858.jpg,White,Male,,,,20-29,True,test
FF_6548,FairFace,FairFace/train/6548.jpg,Black,Male,,,,20-29,True,test
FF_39401,FairFace,FairFace/train/39401.jpg,White,Male,,,,40-49,True,test
FF_33259,FairFace,FairFace/train/33259.jpg,White,Male,,,,30-39,False,test
FF_49464,FairFace,FairFace/train/49464.jpg,Black,Male,,,,60-69,True,test
FF_66083,FairFace,FairFace/train/66083.jpg,Black,Male,,,,0-2,False,test
FF_4106,FairFace,FairFace/train/4106.jpg,Black,Male,,,,3-9,False,test
FF_34288,FairFace,FairFace/train/34288.jpg,Black,Male,,,,10-19,True,test
UTK_1_0_2_20161220144957407.jpg.chip,UTKFace,UTKFace/1_0_2_20161220144957407.jpg.chip.jpg,EastAsian,Male,1.0,200.0,200.0,,,test
FF_80190,FairFace,FairFace/train/80190.jpg,White,Female,,,,20-29,False,test
FF_20063,FairFace,FairFace/train/20063.jpg,White,Male,,,,50-59,False,test
FF_18300,FairFace,FairFace/train/18300.jpg,White,Male,,,,10-19,True,test
FF_48759,FairFace,FairFace/train/48759.jpg,White,Female,,,,20-29,True,test
UTK_30_0_2_20170116173546862.jpg.chip,UTKFace,UTKFace/30_0_2_20170116173546862.jpg.chip.jpg,EastAsian,Male,30.0,200.0,200.0,,,test
FF_83176,FairFace,FairFace/train/83176.jpg,White,Male,,,,3-9,True,test
FF_61198,FairFace,FairFace/train/61198.jpg,White,Female,,,,20-29,True,test
UTK_26_1_2_20170116184731471.jpg.chip,UTKFace,UTKFace/26_1_2_20170116184731471.jpg.chip.jpg,EastAsian,Female,26.0,200.0,200.0,,,test
FF_79332,FairFace,FairFace/train/79332.jpg,Black,Female,,,,3-9,False,test
FF_67665,FairFace,FairFace/train/67665.jpg,Black,Female,,,,20-29,False,test
FF_16394,FairFace,FairFace/train/16394.jpg,Black,Male,,,,10-19,False,test
FF_37709,FairFace,FairFace/train/37709.jpg,White,Female,,,,40-49,True,test
UTK_48_0_0_20170117133115061.jpg.chip,UTKFace,UTKFace/48_0_0_20170117133115061.jpg.chip.jpg,White,Male,48.0,200.0,200.0,,,test
FF_13445,FairFace,FairFace/train/13445.jpg,Black,Female,,,,30-39,True,test
FF_64513,FairFace,FairFace/train/64513.jpg,Black,Female,,,,3-9,False,test
UTK_35_0_2_20170117154550028.jpg.chip,UTKFace,UTKFace/35_0_2_20170117154550028.jpg.chip.jpg,EastAsian,Male,35.0,200.0,200.0,,,test
FF_29922,FairFace,FairFace/train/29922.jpg,Black,Female,,,,30-39,True,test
UTK_26_1_2_20170116180302912.jpg.chip,UTKFace,UTKFace/26_1_2_20170116180302912.jpg.chip.jpg,EastAsian,Female,26.0,200.0,200.0,,,test
FF_2777,FairFace,FairFace/val/2777.jpg,White,Male,,,,20-29,False,test
UTK_60_1_2_20170105174330388.jpg.chip,UTKFace,UTKFace/60_1_2_20170105174330388.jpg.chip.jpg,EastAsian,Female,60.0,200.0,200.0,,,test
UTK_3_1_0_20170109190802410.jpg.chip,UTKFace,UTKFace/3_1_0_20170109190802410.jpg.chip.jpg,White,Female,3.0,200.0,200.0,,,test
FF_61193,FairFace,FairFace/train/61193.jpg,White,Male,,,,more than 70,False,test
UTK_42_0_0_20170117185635954.jpg.chip,UTKFace,UTKFace/42_0_0_20170117185635954.jpg.chip.jpg,White,Male,42.0,200.0,200.0,,,test
FF_39264,FairFace,FairFace/train/39264.jpg,White,Male,,,,30-39,False,test
FF_63738,FairFace,FairFace/train/63738.jpg,Black,Female,,,,50-59,True,test
FF_12496,FairFace,FairFace/train/12496.jpg,White,Female,,,,20-29,False,test
FF_53487,FairFace,FairFace/train/53487.jpg,Black,Male,,,,0-2,False,test
FF_50204,FairFace,FairFace/train/50204.jpg,White,Female,,,,30-39,False,test
UTK_5_0_2_20161219192249187.jpg.chip,UTKFace,UTKFace/5_0_2_20161219192249187.jpg.chip.jpg,EastAsian,Male,5.0,200.0,200.0,,,test
UTK_35_0_2_20170117135017903.jpg.chip,UTKFace,UTKFace/35_0_2_20170117135017903.jpg.chip.jpg,EastAsian,Male,35.0,200.0,200.0,,,test
FF_80170,FairFace,FairFace/train/80170.jpg,Black,Female,,,,20-29,True,test
