image_id,source_dataset,rel_path,race_cat,gender_cat,age_cat,split
FF_28172,FairFace,FairFace/train/28172.jpg,Black,Female,20-29,train
FF_73607,FairFace,FairFace/train/73607.jpg,Black,Female,10-19,train
FF_20547,FairFace,FairFace/train/20547.jpg,Black,Male,20-29,train
FF_5845,FairFace,FairFace/val/5845.jpg,Black,Female,20-29,train
FF_1001,FairFace,FairFace/train/1001.jpg,Black,Male,40-49,train
UTK_46_0_1_20170113151900392.jpg.chip,UTKFace,UTKFace/46_0_1_20170113151900392.jpg.chip.jpg,Black,Male,,train
FF_18322,FairFace,FairFace/train/18322.jpg,Black,Male,10-19,train
FF_7164,FairFace,FairFace/val/7164.jpg,Black,Male,3-9,train
FF_63241,FairFace,FairFace/train/63241.jpg,Black,Male,3-9,train
FF_25305,FairFace,FairFace/train/25305.jpg,Black,Male,3-9,train
FF_66454,FairFace,FairFace/train/66454.jpg,Black,Female,20-29,train
FF_19289,FairFace,FairFace/train/19289.jpg,Black,Male,30-39,train
FF_31310,FairFace,FairFace/train/31310.jpg,Black,Female,40-49,train
FF_6333,FairFace,FairFace/train/6333.jpg,Black,Male,20-29,train
FF_9834,FairFace,FairFace/val/9834.jpg,Black,Male,20-29,train
FF_53756,FairFace,FairFace/train/53756.jpg,Black,Male,0-2,train
FF_77164,FairFace,FairFace/train/77164.jpg,Black,Male,40-49,train
FF_8516,FairFace,FairFace/train/8516.jpg,Black,Male,20-29,train
FF_12769,FairFace,FairFace/train/12769.jpg,Black,Female,30-39,train
FF_11496,FairFace,FairFace/train/11496.jpg,Black,Male,30-39,train
FF_27639,FairFace,FairFace/train/27639.jpg,Black,Male,20-29,train
FF_41044,FairFace,FairFace/train/41044.jpg,Black,Male,10-19,train
FF_3628,FairFace,FairFace/val/3628.jpg,Black,Male,10-19,train
UTK_30_0_1_20170117202825454.jpg.chip,UTKFace,UTKFace/30_0_1_20170117202825454.jpg.chip.jpg,Black,Male,,train
FF_42588,FairFace,FairFace/train/42588.jpg,Black,Male,40-49,train
FF_1831,FairFace,FairFace/val/1831.jpg,Black,Female,10-19,train
FF_74489,FairFace,FairFace/train/74489.jpg,Black,Female,3-9,train
FF_46327,FairFace,FairFace/train/46327.jpg,Black,Female,3-9,train
FF_79330,FairFace,FairFace/train/79330.jpg,Black,Male,20-29,train
UTK_26_0_1_20170113154809050.jpg.chip,UTKFace,UTKFace/26_0_1_20170113154809050.jpg.chip.jpg,Black,Male,,train
FF_2546,FairFace,FairFace/val/2546.jpg,Black,Female,30-39,train
FF_49655,FairFace,FairFace/train/49655.jpg,Black,Male,0-2,train
FF_47486,FairFace,FairFace/train/47486.jpg,Black,Female,20-29,train
FF_1153,FairFace,FairFace/train/1153.jpg,Black,Male,50-59,train
FF_39823,FairFace,FairFace/train/39823.jpg,Black,Female,30-39,train
UTK_26_0_1_20170116203607574.jpg.chip,UTKFace,UTKFace/26_0_1_20170116203607574.jpg.chip.jpg,Black,Male,,train
FF_28628,FairFace,FairFace/train/28628.jpg,Black,Female,20-29,train
FF_4913,FairFace,FairFace/val/4913.jpg,Black,Female,30-39,train
FF_35132,FairFace,FairFace/train/35132.jpg,Black,Male,20-29,train
FF_1163,FairFace,FairFace/train/1163.jpg,Black,Male,10-19,train
UTK_45_1_1_20170117164716460.jpg.chip,UTKFace,UTKFace/45_1_1_20170117164716460.jpg.chip.jpg,Black,Female,,train
UTK_38_0_1_20170117133818533.jpg.chip,UTKFace,UTKFace/38_0_1_20170117133818533.jpg.chip.jpg,Black,Male,,train
FF_83946,FairFace,FairFace/train/83946.jpg,Black,Female,60-69,train
UTK_45_1_1_20170116233320931.jpg.chip,UTKFace,UTKFace/45_1_1_20170116233320931.jpg.chip.jpg,Black,Female,,train
FF_50246,FairFace,FairFace/train/50246.jpg,Black,Female,3-9,train
FF_57307,FairFace,FairFace/train/57307.jpg,Black,Male,3-9,train
UTK_24_0_1_20170113151024815.jpg.chip,UTKFace,UTKFace/24_0_1_20170113151024815.jpg.chip.jpg,Black,Male,,train
UTK_28_1_1_20170112231943575.jpg.chip,UTKFace,UTKFace/28_1_1_20170112231943575.jpg.chip.jpg,Black,Female,,train
FF_70572,FairFace,FairFace/train/70572.jpg,Black,Female,40-49,train
FF_56905,FairFace,FairFace/train/56905.jpg,Black,Male,20-29,train
FF_85787,FairFace,FairFace/train/85787.jpg,Black,Female,3-9,train
FF_11238,FairFace,FairFace/train/11238.jpg,Black,Male,20-29,train
FF_6011,FairFace,FairFace/val/6011.jpg,Black,Female,30-39,train
FF_9117,FairFace,FairFace/train/9117.jpg,Black,Female,30-39,train
FF_67489,FairFace,FairFace/train/67489.jpg,Black,Male,50-59,train
FF_10199,FairFace,FairFace/train/10199.jpg,Black,Female,3-9,train
FF_82490,FairFace,FairFace/train/82490.jpg,Black,Male,3-9,train
FF_9409,FairFace,FairFace/val/9409.jpg,Black,Male,3-9,train
UTK_24_1_1_20170116224913775.jpg.chip,UTKFace,UTKFace/24_1_1_20170116224913775.jpg.chip.jpg,Black,Female,,train
FF_1526,FairFace,FairFace/val/1526.jpg,Black,Female,10-19,train
UTK_26_0_1_20170113135322642.jpg.chip,UTKFace,UTKFace/26_0_1_20170113135322642.jpg.chip.jpg,Black,Male,,train
FF_78253,FairFace,FairFace/train/78253.jpg,Black,Female,20-29,train
FF_54614,FairFace,FairFace/train/54614.jpg,Black,Male,40-49,train
FF_70045,FairFace,FairFace/train/70045.jpg,Black,Male,30-39,train
UTK_48_1_1_20170113001756978.jpg.chip,UTKFace,UTKFace/48_1_1_20170113001756978.jpg.chip.jpg,Black,Female,,train
FF_5921,FairFace,FairFace/train/5921.jpg,Black,Female,10-19,train
FF_9895,FairFace,FairFace/val/9895.jpg,Black,Male,30-39,train
FF_36743,FairFace,FairFace/train/36743.jpg,Black,Male,50-59,train
FF_56082,FairFace,FairFace/train/56082.jpg,Black,Male,50-59,train
FF_6761,FairFace,FairFace/val/6761.jpg,Black,Male,20-29,train
UTK_39_0_1_20170116010441172.jpg.chip,UTKFace,UTKFace/39_0_1_20170116010441172.jpg.chip.jpg,Black,Male,,train
FF_52437,FairFace,FairFace/train/52437.jpg,Black,Female,30-39,train
UTK_32_0_1_20170117182323820.jpg.chip,UTKFace,UTKFace/32_0_1_20170117182323820.jpg.chip.jpg,Black,Male,,train
FF_32732,FairFace,FairFace/train/32732.jpg,Black,Female,20-29,train
UTK_24_1_1_20170112230626278.jpg.chip,UTKFace,UTKFace/24_1_1_20170112230626278.jpg.chip.jpg,Black,Female,,train
FF_52345,FairFace,FairFace/train/52345.jpg,Black,Female,3-9,train
FF_3178,FairFace,FairFace/train/3178.jpg,Black,Male,3-9,train
FF_65361,FairFace,FairFace/train/65361.jpg,Black,Female,30-39,train
FF_14041,FairFace,FairFace/train/14041.jpg,Black,Female,3-9,train
FF_27372,FairFace,FairFace/train/27372.jpg,Black,Male,10-19,train
FF_84217,FairFace,FairFace/train/84217.jpg,Black,Female,20-29,train
FF_73850,FairFace,FairFace/train/73850.jpg,Black,Female,40-49,train
UTK_1_1_1_20170109194654049.jpg.chip,UTKFace,UTKFace/1_1_1_20170109194654049.jpg.chip.jpg,Black,Female,,train
FF_68981,FairFace,FairFace/train/68981.jpg,Black,Female,10-19,train
UTK_32_1_1_20170117140855418.jpg.chip,UTKFace,UTKFace/32_1_1_20170117140855418.jpg.chip.jpg,Black,Female,,train
FF_86036,FairFace,FairFace/train/86036.jpg,Black,Female,40-49,train
FF_27345,FairFace,FairFace/train/27345.jpg,Black,Male,3-9,train
FF_28658,FairFace,FairFace/train/28658.jpg,Black,Female,10-19,train
FF_59651,FairFace,FairFace/train/59651.jpg,Black,Male,30-39,train
FF_17308,FairFace,FairFace/train/17308.jpg,Black,Female,3-9,train
UTK_23_1_2_20170116173210232.jpg.chip,UTKFace,UTKFace/23_1_2_20170116173210232.jpg.chip.jpg,EastAsian,Female,,train
UTK_2_1_2_20161219222030167.jpg.chip,UTKFace,UTKFace/2_1_2_20161219222030167.jpg.chip.jpg,EastAsian,Female,,train
UTK_1_0_2_20161219200342123.jpg.chip,UTKFace,UTKFace/1_0_2_20161219200342123.jpg.chip.jpg,EastAsian,Male,,train
UTK_23_1_2_20170116173143018.jpg.chip,UTKFace,UTKFace/23_1_2_20170116173143018.jpg.chip.jpg,EastAsian,Female,,train
UTK_28_1_2_20170116165133825.jpg.chip,UTKFace,UTKFace/28_1_2_20170116165133825.jpg.chip.jpg,EastAsian,Female,,train
UTK_29_0_2_20170116163356668.jpg.chip,UTKFace,UTKFace/29_0_2_20170116163356668.jpg.chip.jpg,EastAsian,Male,,train
UTK_54_0_2_20170120223248924.jpg.chip,UTKFace,UTKFace/54_0_2_20170120223248924.jpg.chip.jpg,EastAsian,Male,,train
UTK_35_0_2_20170116164723099.jpg.chip,UTKFace,UTKFace/35_0_2_20170116164723099.jpg.chip.jpg,EastAsian,Male,,train
UTK_4_0_2_20161219154925917.jpg.chip,UTKFace,UTKFace/4_0_2_20161219154925917.jpg.chip.jpg,EastAsian,Male,,train
UTK_28_0_2_20170116190154379.jpg.chip,UTKFace,UTKFace/28_0_2_20170116190154379.jpg.chip.jpg,EastAsian,Male,,train
UTK_5_0_2_20161219222232487.jpg.chip,UTKFace,UTKFace/5_0_2_20161219222232487.jpg.chip.jpg,EastAsian,Male,,train
UTK_27_1_2_20170116163338293.jpg.chip,UTKFace,UTKFace/27_1_2_20170116163338293.jpg.chip.jpg,EastAsian,Female,,train
UTK_24_1_2_20170116171638407.jpg.chip,UTKFace,UTKFace/24_1_2_20170116171638407.jpg.chip.jpg,EastAsian,Female,,train
UTK_55_0_2_20170116172931526.jpg.chip,UTKFace,UTKFace/55_0_2_20170116172931526.jpg.chip.jpg,EastAsian,Male,,train
UTK_30_1_2_20170116165039591.jpg.chip,UTKFace,UTKFace/30_1_2_20170116165039591.jpg.chip.jpg,EastAsian,Female,,train
UTK_30_1_2_20170116163932623.jpg.chip,UTKFace,UTKFace/30_1_2_20170116163932623.jpg.chip.jpg,EastAsian,Female,,train
UTK_26_0_2_20170116233100347.jpg.chip,UTKFace,UTKFace/26_0_2_20170116233100347.jpg.chip.jpg,EastAsian,Male,,train
UTK_27_0_2_20170116172528863.jpg.chip,UTKFace,UTKFace/27_0_2_20170116172528863.jpg.chip.jpg,EastAsian,Male,,train
UTK_32_1_2_20170109004658032.jpg.chip,UTKFace,UTKFace/32_1_2_20170109004658032.jpg.chip.jpg,EastAsian,Female,,train
UTK_32_1_2_20170116164214489.jpg.chip,UTKFace,UTKFace/32_1_2_20170116164214489.jpg.chip.jpg,EastAsian,Female,,train
UTK_32_1_2_20170116180734484.jpg.chip,UTKFace,UTKFace/32_1_2_20170116180734484.jpg.chip.jpg,EastAsian,Female,,train
UTK_30_0_2_20170116180745378.jpg.chip,UTKFace,UTKFace/30_0_2_20170116180745378.jpg.chip.jpg,EastAsian,Male,,train
UTK_6_1_2_20161219153247548.jpg.chip,UTKFace,UTKFace/6_1_2_20161219153247548.jpg.chip.jpg,EastAsian,Female,,train
UTK_24_1_2_20170116174406776.jpg.chip,UTKFace,UTKFace/24_1_2_20170116174406776.jpg.chip.jpg,EastAsian,Female,,train
UTK_3_1_2_20161219160306229.jpg.chip,UTKFace,UTKFace/3_1_2_20161219160306229.jpg.chip.jpg,EastAsian,Female,,train
UTK_26_1_2_20170116175505151.jpg.chip,UTKFace,UTKFace/26_1_2_20170116175505151.jpg.chip.jpg,EastAsian,Female,,train
UTK_1_0_2_20161219141912009.jpg.chip,UTKFace,UTKFace/1_0_2_20161219141912009.jpg.chip.jpg,EastAsian,Male,,train
UTK_47_1_2_20170105173513573.jpg.chip,UTKFace,UTKFace/47_1_2_20170105173513573.jpg.chip.jpg,EastAsian,Female,,train
UTK_2_0_2_20161219200225291.jpg.chip,UTKFace,UTKFace/2_0_2_20161219200225291.jpg.chip.jpg,EastAsian,Male,,train
UTK_27_1_2_20170116172501420.jpg.chip,UTKFace,UTKFace/27_1_2_20170116172501420.jpg.chip.jpg,EastAsian,Female,,train
UTK_24_1_2_20170116172739067.jpg.chip,UTKFace,UTKFace/24_1_2_20170116172739067.jpg.chip.jpg,EastAsian,Female,,train
UTK_35_0_2_20170104201518561.jpg.chip,UTKFace,UTKFace/35_0_2_20170104201518561.jpg.chip.jpg,EastAsian,Male,,train
UTK_1_1_2_20161219194839971.jpg.chip,UTKFace,UTKFace/1_1_2_20161219194839971.jpg.chip.jpg,EastAsian,Female,,train
UTK_1_0_2_20161219212516942.jpg.chip,UTKFace,UTKFace/1_0_2_20161219212516942.jpg.chip.jpg,EastAsian,Male,,train
UTK_1_0_2_20161219205318388.jpg.chip,UTKFace,UTKFace/1_0_2_20161219205318388.jpg.chip.jpg,EastAsian,Male,,train
UTK_26_1_2_20170116182804381.jpg.chip,UTKFace,UTKFace/26_1_2_20170116182804381.jpg.chip.jpg,EastAsian,Female,,train
UTK_26_1_2_20170116182442130.jpg.chip,UTKFace,UTKFace/26_1_2_20170116182442130.jpg.chip.jpg,EastAsian,Female,,train
UTK_1_0_2_20161219222602319.jpg.chip,UTKFace,UTKFace/1_0_2_20161219222602319.jpg.chip.jpg,EastAsian,Male,,train
UTK_2_1_2_20161219155720461.jpg.chip,UTKFace,UTKFace/2_1_2_20161219155720461.jpg.chip.jpg,EastAsian,Female,,train
UTK_35_1_2_20170116233432190.jpg.chip,UTKFace,UTKFace/35_1_2_20170116233432190.jpg.chip.jpg,EastAsian,Female,,train
UTK_26_1_2_20170116175437182.jpg.chip,UTKFace,UTKFace/26_1_2_20170116175437182.jpg.chip.jpg,EastAsian,Female,,train
UTK_19_1_2_20170104021632526.jpg.chip,UTKFace,UTKFace/19_1_2_20170104021632526.jpg.chip.jpg,EastAsian,Female,,train
UTK_18_1_2_20170109213146944.jpg.chip,UTKFace,UTKFace/18_1_2_20170109213146944.jpg.chip.jpg,EastAsian,Female,,train
UTK_86_0_2_20170112220210391.jpg.chip,UTKFace,UTKFace/86_0_2_20170112220210391.jpg.chip.jpg,EastAsian,Male,,train
UTK_30_0_2_20170116174814595.jpg.chip,UTKFace,UTKFace/30_0_2_20170116174814595.jpg.chip.jpg,EastAsian,Male,,train
UTK_76_1_2_20170112205409556.jpg.chip,UTKFace,UTKFace/76_1_2_20170112205409556.jpg.chip.jpg,EastAsian,Female,,train
UTK_50_0_2_20170117000150652.jpg.chip,UTKFace,UTKFace/50_0_2_20170117000150652.jpg.chip.jpg,EastAsian,Male,,train
UTK_2_0_2_20161219203828132.jpg.chip,UTKFace,UTKFace/2_0_2_20161219203828132.jpg.chip.jpg,EastAsian,Male,,train
UTK_29_1_2_20170116220903106.jpg.chip,UTKFace,UTKFace/29_1_2_20170116220903106.jpg.chip.jpg,EastAsian,Female,,train
UTK_21_1_2_20170105000725292.jpg.chip,UTKFace,UTKFace/21_1_2_20170105000725292.jpg.chip.jpg,EastAsian,Female,,train
UTK_22_1_2_20170104020035915.jpg.chip,UTKFace,UTKFace/22_1_2_20170104020035915.jpg.chip.jpg,EastAsian,Female,,train
UTK_1_1_2_20161219205522365.jpg.chip,UTKFace,UTKFace/1_1_2_20161219205522365.jpg.chip.jpg,EastAsian,Female,,train
UTK_1_0_2_20161219205836181.jpg.chip,UTKFace,UTKFace/1_0_2_20161219205836181.jpg.chip.jpg,EastAsian,Male,,train
UTK_27_0_2_20170104011250152.jpg.chip,UTKFace,UTKFace/27_0_2_20170104011250152.jpg.chip.jpg,EastAsian,Male,,train
UTK_54_0_2_20170109010628431.jpg.chip,UTKFace,UTKFace/54_0_2_20170109010628431.jpg.chip.jpg,EastAsian,Male,,train
UTK_55_0_2_20170104023159589.jpg.chip,UTKFace,UTKFace/55_0_2_20170104023159589.jpg.chip.jpg,EastAsian,Male,,train
UTK_28_1_2_20170116165557121.jpg.chip,UTKFace,UTKFace/28_1_2_20170116165557121.jpg.chip.jpg,EastAsian,Female,,train
UTK_27_1_2_20170104022251917.jpg.chip,UTKFace,UTKFace/27_1_2_20170104022251917.jpg.chip.jpg,EastAsian,Female,,train
UTK_35_0_2_20170116182457063.jpg.chip,UTKFace,UTKFace/35_0_2_20170116182457063.jpg.chip.jpg,EastAsian,Male,,train
UTK_2_0_2_20161219192307618.jpg.chip,UTKFace,UTKFace/2_0_2_20161219192307618.jpg.chip.jpg,EastAsian,Male,,train
UTK_28_1_2_20170116162955090.jpg.chip,UTKFace,UTKFace/28_1_2_20170116162955090.jpg.chip.jpg,EastAsian,Female,,train
UTK_24_1_2_20170116163634730.jpg.chip,UTKFace,UTKFace/24_1_2_20170116163634730.jpg.chip.jpg,EastAsian,Female,,train
UTK_61_0_2_20170116193742399.jpg.chip,UTKFace,UTKFace/61_0_2_20170116193742399.jpg.chip.jpg,EastAsian,Male,,train
UTK_26_1_2_20170116184054722.jpg.chip,UTKFace,UTKFace/26_1_2_20170116184054722.jpg.chip.jpg,EastAsian,Female,,train
UTK_3_0_2_20161219210918485.jpg.chip,UTKFace,UTKFace/3_0_2_20161219210918485.jpg.chip.jpg,EastAsian,Male,,train
UTK_28_1_2_20170116190118355.jpg.chip,UTKFace,UTKFace/28_1_2_20170116190118355.jpg.chip.jpg,EastAsian,Female,,train
UTK_22_1_2_20170116162938834.jpg.chip,UTKFace,UTKFace/22_1_2_20170116162938834.jpg.chip.jpg,EastAsian,Female,,train
UTK_79_0_2_20170116194001100.jpg.chip,UTKFace,UTKFace/79_0_2_20170116194001100.jpg.chip.jpg,EastAsian,Male,,train
UTK_30_1_2_20170116162634192.jpg.chip,UTKFace,UTKFace/30_1_2_20170116162634192.jpg.chip.jpg,EastAsian,Female,,train
UTK_23_1_2_20170116173036181.jpg.chip,UTKFace,UTKFace/23_1_2_20170116173036181.jpg.chip.jpg,EastAsian,Female,,train
UTK_30_1_2_20170116192313635.jpg.chip,UTKFace,UTKFace/30_1_2_20170116192313635.jpg.chip.jpg,EastAsian,Female,,train
UTK_26_0_2_20170116175940674.jpg.chip,UTKFace,UTKFace/26_0_2_20170116175940674.jpg.chip.jpg,EastAsian,Male,,train
UTK_38_0_2_20170109002407221.jpg.chip,UTKFace,UTKFace/38_0_2_20170109002407221.jpg.chip.jpg,EastAsian,Male,,train
UTK_60_0_2_20170116182650366.jpg.chip,UTKFace,UTKFace/60_0_2_20170116182650366.jpg.chip.jpg,EastAsian,Male,,train
UTK_26_1_2_20170117201411430.jpg.chip,UTKFace,UTKFace/26_1_2_20170117201411430.jpg.chip.jpg,EastAsian,Female,,train
UTK_28_1_2_20170116164200987.jpg.chip,UTKFace,UTKFace/28_1_2_20170116164200987.jpg.chip.jpg,EastAsian,Female,,train
UTK_1_0_2_20161219190530474.jpg.chip,UTKFace,UTKFace/1_0_2_20161219190530474.jpg.chip.jpg,EastAsian,Male,,train
UTK_34_0_2_20170105173426253.jpg.chip,UTKFace,UTKFace/34_0_2_20170105173426253.jpg.chip.jpg,EastAsian,Male,,train
UTK_28_1_2_20170116163844508.jpg.chip,UTKFace,UTKFace/28_1_2_20170116163844508.jpg.chip.jpg,EastAsian,Female,,train
UTK_28_1_2_20170116192305668.jpg.chip,UTKFace,UTKFace/28_1_2_20170116192305668.jpg.chip.jpg,EastAsian,Female,,train
UTK_1_1_2_20161219162730478.jpg.chip,UTKFace,UTKFace/1_1_2_20161219162730478.jpg.chip.jpg,EastAsian,Female,,train
UTK_26_1_2_20170116184059994.jpg.chip,UTKFace,UTKFace/26_1_2_20170116184059994.jpg.chip.jpg,EastAsian,Female,,train
UTK_1_0_2_20161219200004228.jpg.chip,UTKFace,UTKFace/1_0_2_20161219200004228.jpg.chip.jpg,EastAsian,Male,,train
UTK_24_0_2_20170116170903688.jpg.chip,UTKFace,UTKFace/24_0_2_20170116170903688.jpg.chip.jpg,EastAsian,Male,,train
UTK_32_0_2_20170117133724452.jpg.chip,UTKFace,UTKFace/32_0_2_20170117133724452.jpg.chip.jpg,EastAsian,Male,,train
UTK_2_1_2_20161219195813835.jpg.chip,UTKFace,UTKFace/2_1_2_20161219195813835.jpg.chip.jpg,EastAsian,Female,,train
UTK_23_0_2_20170116172945780.jpg.chip,UTKFace,UTKFace/23_0_2_20170116172945780.jpg.chip.jpg,EastAsian,Male,,train
UTK_24_0_2_20170116165047009.jpg.chip,UTKFace,UTKFace/24_0_2_20170116165047009.jpg.chip.jpg,EastAsian,Male,,train
UTK_26_1_2_20170116184530259.jpg.chip,UTKFace,UTKFace/26_1_2_20170116184530259.jpg.chip.jpg,EastAsian,Female,,train
UTK_24_1_2_20170116164744956.jpg.chip,UTKFace,UTKFace/24_1_2_20170116164744956.jpg.chip.jpg,EastAsian,Female,,train
UTK_65_0_3_20170119205841400.jpg.chip,UTKFace,UTKFace/65_0_3_20170119205841400.jpg.chip.jpg,SouthAsian,Male,,train
UTK_26_1_3_20170104223133454.jpg.chip,UTKFace,UTKFace/26_1_3_20170104223133454.jpg.chip.jpg,SouthAsian,Female,,train
UTK_4_1_3_20161219225734881.jpg.chip,UTKFace,UTKFace/4_1_3_20161219225734881.jpg.chip.jpg,SouthAsian,Female,,train
UTK_1_1_3_20161219224458872.jpg.chip,UTKFace,UTKFace/1_1_3_20161219224458872.jpg.chip.jpg,SouthAsian,Female,,train
UTK_33_1_3_20170119200543308.jpg.chip,UTKFace,UTKFace/33_1_3_20170119200543308.jpg.chip.jpg,SouthAsian,Female,,train
UTK_24_1_3_20170119164644510.jpg.chip,UTKFace,UTKFace/24_1_3_20170119164644510.jpg.chip.jpg,SouthAsian,Female,,train
UTK_18_0_3_20170104230349313.jpg.chip,UTKFace,UTKFace/18_0_3_20170104230349313.jpg.chip.jpg,SouthAsian,Male,,train
UTK_62_1_3_20170105000830708.jpg.chip,UTKFace,UTKFace/62_1_3_20170105000830708.jpg.chip.jpg,SouthAsian,Female,,train
UTK_20_1_3_20170104222019511.jpg.chip,UTKFace,UTKFace/20_1_3_20170104222019511.jpg.chip.jpg,SouthAsian,Female,,train
UTK_56_0_3_20170113190509801.jpg.chip,UTKFace,UTKFace/56_0_3_20170113190509801.jpg.chip.jpg,SouthAsian,Male,,train
UTK_55_0_3_20170105180635542.jpg.chip,UTKFace,UTKFace/55_0_3_20170105180635542.jpg.chip.jpg,SouthAsian,Male,,train
UTK_54_0_3_20170119210110894.jpg.chip,UTKFace,UTKFace/54_0_3_20170119210110894.jpg.chip.jpg,SouthAsian,Male,,train
UTK_31_0_3_20170119200050628.jpg.chip,UTKFace,UTKFace/31_0_3_20170119200050628.jpg.chip.jpg,SouthAsian,Male,,train
UTK_40_0_3_20170119153055608.jpg.chip,UTKFace,UTKFace/40_0_3_20170119153055608.jpg.chip.jpg,SouthAsian,Male,,train
UTK_16_1_3_20170104222158160.jpg.chip,UTKFace,UTKFace/16_1_3_20170104222158160.jpg.chip.jpg,SouthAsian,Female,,train
UTK_26_1_3_20170104223022663.jpg.chip,UTKFace,UTKFace/26_1_3_20170104223022663.jpg.chip.jpg,SouthAsian,Female,,train
UTK_7_1_3_20161220221712842.jpg.chip,UTKFace,UTKFace/7_1_3_20161220221712842.jpg.chip.jpg,SouthAsian,Female,,train
UTK_36_1_3_20170109141235854.jpg.chip,UTKFace,UTKFace/36_1_3_20170109141235854.jpg.chip.jpg,SouthAsian,Female,,train
UTK_27_0_3_20170119194352188.jpg.chip,UTKFace,UTKFace/27_0_3_20170119194352188.jpg.chip.jpg,SouthAsian,Male,,train
UTK_32_1_3_20170119163219372.jpg.chip,UTKFace,UTKFace/32_1_3_20170119163219372.jpg.chip.jpg,SouthAsian,Female,,train
UTK_1_1_3_20161219224454728.jpg.chip,UTKFace,UTKFace/1_1_3_20161219224454728.jpg.chip.jpg,SouthAsian,Female,,train
UTK_28_0_3_20170113153014880.jpg.chip,UTKFace,UTKFace/28_0_3_20170113153014880.jpg.chip.jpg,SouthAsian,Male,,train
UTK_1_1_3_20161219225015272.jpg.chip,UTKFace,UTKFace/1_1_3_20161219225015272.jpg.chip.jpg,SouthAsian,Female,,train
UTK_16_0_3_20170110232150874.jpg.chip,UTKFace,UTKFace/16_0_3_20170110232150874.jpg.chip.jpg,SouthAsian,Male,,train
UTK_75_0_3_20170105175429670.jpg.chip,UTKFace,UTKFace/75_0_3_20170105175429670.jpg.chip.jpg,SouthAsian,Male,,train
UTK_40_0_3_20170119204129150.jpg.chip,UTKFace,UTKFace/40_0_3_20170119204129150.jpg.chip.jpg,SouthAsian,Male,,train
UTK_24_0_3_20170104230147273.jpg.chip,UTKFace,UTKFace/24_0_3_20170104230147273.jpg.chip.jpg,SouthAsian,Male,,train
UTK_23_0_3_20170119145303710.jpg.chip,UTKFace,UTKFace/23_0_3_20170119145303710.jpg.chip.jpg,SouthAsian,Male,,train
UTK_46_1_3_20170120140919993.jpg.chip,UTKFace,UTKFace/46_1_3_20170120140919993.jpg.chip.jpg,SouthAsian,Female,,train
UTK_61_0_3_20170119211851937.jpg.chip,UTKFace,UTKFace/61_0_3_20170119211851937.jpg.chip.jpg,SouthAsian,Male,,train
UTK_35_0_3_20170119200930924.jpg.chip,UTKFace,UTKFace/35_0_3_20170119200930924.jpg.chip.jpg,SouthAsian,Male,,train
UTK_1_1_3_20161220143222430.jpg.chip,UTKFace,UTKFace/1_1_3_20161220143222430.jpg.chip.jpg,SouthAsian,Female,,train
UTK_34_0_3_20170109140934624.jpg.chip,UTKFace,UTKFace/34_0_3_20170109140934624.jpg.chip.jpg,SouthAsian,Male,,train
UTK_50_0_3_20170119203831751.jpg.chip,UTKFace,UTKFace/50_0_3_20170119203831751.jpg.chip.jpg,SouthAsian,Male,,train
UTK_32_1_3_20170104235157578.jpg.chip,UTKFace,UTKFace/32_1_3_20170104235157578.jpg.chip.jpg,SouthAsian,Female,,train
UTK_34_0_3_20170119200815948.jpg.chip,UTKFace,UTKFace/34_0_3_20170119200815948.jpg.chip.jpg,SouthAsian,Male,,train
UTK_31_1_3_20170104235227202.jpg.chip,UTKFace,UTKFace/31_1_3_20170104235227202.jpg.chip.jpg,SouthAsian,Female,,train
UTK_45_0_3_20170119211754490.jpg.chip,UTKFace,UTKFace/45_0_3_20170119211754490.jpg.chip.jpg,SouthAsian,Male,,train
UTK_1_0_3_20161219225808112.jpg.chip,UTKFace,UTKFace/1_0_3_20161219225808112.jpg.chip.jpg,SouthAsian,Male,,train
UTK_55_0_3_20170117175457824.jpg.chip,UTKFace,UTKFace/55_0_3_20170117175457824.jpg.chip.jpg,SouthAsian,Male,,train
UTK_25_1_3_20170119171949009.jpg.chip,UTKFace,UTKFace/25_1_3_20170119171949009.jpg.chip.jpg,SouthAsian,Female,,train
UTK_34_1_3_20170104235537715.jpg.chip,UTKFace,UTKFace/34_1_3_20170104235537715.jpg.chip.jpg,SouthAsian,Female,,train
UTK_48_0_3_20170119205339015.jpg.chip,UTKFace,UTKFace/48_0_3_20170119205339015.jpg.chip.jpg,SouthAsian,Male,,train
UTK_20_0_3_20170104225831145.jpg.chip,UTKFace,UTKFace/20_0_3_20170104225831145.jpg.chip.jpg,SouthAsian,Male,,train
UTK_14_0_3_20170104225858160.jpg.chip,UTKFace,UTKFace/14_0_3_20170104225858160.jpg.chip.jpg,SouthAsian,Male,,train
UTK_47_1_3_20170119200858036.jpg.chip,UTKFace,UTKFace/47_1_3_20170119200858036.jpg.chip.jpg,SouthAsian,Female,,train
UTK_6_1_3_20161220220517209.jpg.chip,UTKFace,UTKFace/6_1_3_20161220220517209.jpg.chip.jpg,SouthAsian,Female,,train
UTK_26_1_3_20170104222740327.jpg.chip,UTKFace,UTKFace/26_1_3_20170104222740327.jpg.chip.jpg,SouthAsian,Female,,train
UTK_47_0_3_20170116184916978.jpg.chip,UTKFace,UTKFace/47_0_3_20170116184916978.jpg.chip.jpg,SouthAsian,Male,,train
UTK_12_1_3_20170104221704334.jpg.chip,UTKFace,UTKFace/12_1_3_20170104221704334.jpg.chip.jpg,SouthAsian,Female,,train
UTK_26_1_3_20170117174059493.jpg.chip,UTKFace,UTKFace/26_1_3_20170117174059493.jpg.chip.jpg,SouthAsian,Female,,train
UTK_31_1_3_20170104222647935.jpg.chip,UTKFace,UTKFace/31_1_3_20170104222647935.jpg.chip.jpg,SouthAsian,Female,,train
UTK_29_0_3_20170119195116490.jpg.chip,UTKFace,UTKFace/29_0_3_20170119195116490.jpg.chip.jpg,SouthAsian,Male,,train
UTK_26_1_3_20170109134510359.jpg.chip,UTKFace,UTKFace/26_1_3_20170109134510359.jpg.chip.jpg,SouthAsian,Female,,train
UTK_50_0_3_20170119204225095.jpg.chip,UTKFace,UTKFace/50_0_3_20170119204225095.jpg.chip.jpg,SouthAsian,Male,,train
UTK_1_1_3_20161219225515600.jpg.chip,UTKFace,UTKFace/1_1_3_20161219225515600.jpg.chip.jpg,SouthAsian,Female,,train
UTK_32_1_3_20170117184329913.jpg.chip,UTKFace,UTKFace/32_1_3_20170117184329913.jpg.chip.jpg,SouthAsian,Female,,train
UTK_22_1_3_20170119163328077.jpg.chip,UTKFace,UTKFace/22_1_3_20170119163328077.jpg.chip.jpg,SouthAsian,Female,,train
UTK_39_0_3_20170113142218164.jpg.chip,UTKFace,UTKFace/39_0_3_20170113142218164.jpg.chip.jpg,SouthAsian,Male,,train
UTK_23_1_3_20170119164501885.jpg.chip,UTKFace,UTKFace/23_1_3_20170119164501885.jpg.chip.jpg,SouthAsian,Female,,train
UTK_37_0_3_20170119194717603.jpg.chip,UTKFace,UTKFace/37_0_3_20170119194717603.jpg.chip.jpg,SouthAsian,Male,,train
UTK_26_1_3_20170119193059058.jpg.chip,UTKFace,UTKFace/26_1_3_20170119193059058.jpg.chip.jpg,SouthAsian,Female,,train
UTK_30_1_3_20170104214339133.jpg.chip,UTKFace,UTKFace/30_1_3_20170104214339133.jpg.chip.jpg,SouthAsian,Female,,train
UTK_26_1_3_20170119193143376.jpg.chip,UTKFace,UTKFace/26_1_3_20170119193143376.jpg.chip.jpg,SouthAsian,Female,,train
UTK_4_0_3_20161220222803227.jpg.chip,UTKFace,UTKFace/4_0_3_20161220222803227.jpg.chip.jpg,SouthAsian,Male,,train
UTK_24_1_3_20170117150632348.jpg.chip,UTKFace,UTKFace/24_1_3_20170117150632348.jpg.chip.jpg,SouthAsian,Female,,train
UTK_18_1_3_20170117135716054.jpg.chip,UTKFace,UTKFace/18_1_3_20170117135716054.jpg.chip.jpg,SouthAsian,Female,,train
UTK_30_0_3_20170119195729476.jpg.chip,UTKFace,UTKFace/30_0_3_20170119195729476.jpg.chip.jpg,SouthAsian,Male,,train
UTK_26_1_3_20170119180605476.jpg.chip,UTKFace,UTKFace/26_1_3_20170119180605476.jpg.chip.jpg,SouthAsian,Female,,train
UTK_48_0_3_20170119193054233.jpg.chip,UTKFace,UTKFace/48_0_3_20170119193054233.jpg.chip.jpg,SouthAsian,Male,,train
UTK_1_1_3_20161220143400183.jpg.chip,UTKFace,UTKFace/1_1_3_20161220143400183.jpg.chip.jpg,SouthAsian,Female,,train
UTK_21_1_3_20170104231611130.jpg.chip,UTKFace,UTKFace/21_1_3_20170104231611130.jpg.chip.jpg,SouthAsian,Female,,train
UTK_45_1_3_20170119193037786.jpg.chip,UTKFace,UTKFace/45_1_3_20170119193037786.jpg.chip.jpg,SouthAsian,Female,,train
UTK_15_1_3_20170104221933959.jpg.chip,UTKFace,UTKFace/15_1_3_20170104221933959.jpg.chip.jpg,SouthAsian,Female,,train
UTK_26_1_3_20170119193146682.jpg.chip,UTKFace,UTKFace/26_1_3_20170119193146682.jpg.chip.jpg,SouthAsian,Female,,train
UTK_55_1_3_20170119192720664.jpg.chip,UTKFace,UTKFace/55_1_3_20170119192720664.jpg.chip.jpg,SouthAsian,Female,,train
UTK_26_1_3_20170119193128490.jpg.chip,UTKFace,UTKFace/26_1_3_20170119193128490.jpg.chip.jpg,SouthAsian,Female,,train
UTK_40_0_3_20170119175332114.jpg.chip,UTKFace,UTKFace/40_0_3_20170119175332114.jpg.chip.jpg,SouthAsian,Male,,train
UTK_50_0_3_20170119201854301.jpg.chip,UTKFace,UTKFace/50_0_3_20170119201854301.jpg.chip.jpg,SouthAsian,Male,,train
UTK_38_1_3_20170105003415085.jpg.chip,UTKFace,UTKFace/38_1_3_20170105003415085.jpg.chip.jpg,SouthAsian,Female,,train
UTK_26_1_3_20170104214715278.jpg.chip,UTKFace,UTKFace/26_1_3_20170104214715278.jpg.chip.jpg,SouthAsian,Female,,train
UTK_34_0_3_20170119200821564.jpg.chip,UTKFace,UTKFace/34_0_3_20170119200821564.jpg.chip.jpg,SouthAsian,Male,,train
UTK_61_0_3_20170119211835296.jpg.chip,UTKFace,UTKFace/61_0_3_20170119211835296.jpg.chip.jpg,SouthAsian,Male,,train
UTK_37_0_3_20170119162833204.jpg.chip,UTKFace,UTKFace/37_0_3_20170119162833204.jpg.chip.jpg,SouthAsian,Male,,train
UTK_25_1_3_20170117151958483.jpg.chip,UTKFace,UTKFace/25_1_3_20170117151958483.jpg.chip.jpg,SouthAsian,Female,,train
UTK_25_0_3_20170119163012781.jpg.chip,UTKFace,UTKFace/25_0_3_20170119163012781.jpg.chip.jpg,SouthAsian,Male,,train
UTK_26_0_3_20170120134330671.jpg.chip,UTKFace,UTKFace/26_0_3_20170120134330671.jpg.chip.jpg,SouthAsian,Male,,train
UTK_25_0_3_20170119162903181.jpg.chip,UTKFace,UTKFace/25_0_3_20170119162903181.jpg.chip.jpg,SouthAsian,Male,,train
UTK_65_0_3_20170119203933382.jpg.chip,UTKFace,UTKFace/65_0_3_20170119203933382.jpg.chip.jpg,SouthAsian,Male,,train
UTK_2_1_3_20161220144853855.jpg.chip,UTKFace,UTKFace/2_1_3_20161220144853855.jpg.chip.jpg,SouthAsian,Female,,train
FF_23007,FairFace,FairFace/train/23007.jpg,White,Male,20-29,train
FF_65124,FairFace,FairFace/train/65124.jpg,White,Female,30-39,train
FF_37984,FairFace,FairFace/train/37984.jpg,White,Male,40-49,train
FF_69100,FairFace,FairFace/train/69100.jpg,White,Female,20-29,train
FF_5160,FairFace,FairFace/val/5160.jpg,White,Female,30-39,train
FF_74582,FairFace,FairFace/train/74582.jpg,White,Male,20-29,train
UTK_25_1_0_20170103180835288.jpg.chip,UTKFace,UTKFace/25_1_0_20170103180835288.jpg.chip.jpg,White,Female,,train
UTK_9_0_0_20170110220411186.jpg.chip,UTKFace,UTKFace/9_0_0_20170110220411186.jpg.chip.jpg,White,Male,,train
FF_44266,FairFace,FairFace/train/44266.jpg,White,Female,20-29,train
FF_77622,FairFace,FairFace/train/77622.jpg,White,Female,30-39,train
FF_69552,FairFace,FairFace/train/69552.jpg,White,Female,40-49,train
FF_85444,FairFace,FairFace/train/85444.jpg,White,Male,3-9,train
FF_59737,FairFace,FairFace/train/59737.jpg,White,Male,40-49,train
FF_69871,FairFace,FairFace/train/69871.jpg,White,Male,20-29,train
UTK_8_1_0_20170109205426790.jpg.chip,UTKFace,UTKFace/8_1_0_20170109205426790.jpg.chip.jpg,White,Female,,train
FF_19196,FairFace,FairFace/train/19196.jpg,White,Female,20-29,train
FF_64175,FairFace,FairFace/train/64175.jpg,White,Female,30-39,train
FF_46427,FairFace,FairFace/train/46427.jpg,White,Male,50-59,train
UTK_26_0_0_20170117091213670.jpg.chip,UTKFace,UTKFace/26_0_0_20170117091213670.jpg.chip.jpg,White,Male,,train
FF_80186,FairFace,FairFace/train/80186.jpg,White,Female,30-39,train
FF_37134,FairFace,FairFace/train/37134.jpg,White,Female,20-29,train
UTK_29_0_0_20170117202657886.jpg.chip,UTKFace,UTKFace/29_0_0_20170117202657886.jpg.chip.jpg,White,Male,,train
FF_66068,FairFace,FairFace/train/66068.jpg,White,Female,3-9,train
UTK_35_1_0_20170117191606659.jpg.chip,UTKFace,UTKFace/35_1_0_20170117191606659.jpg.chip.jpg,White,Female,,train
FF_82156,FairFace,FairFace/train/82156.jpg,White,Female,20-29,train
FF_8779,FairFace,FairFace/val/8779.jpg,White,Male,30-39,train
FF_66522,FairFace,FairFace/train/66522.jpg,White,Female,30-39,train
FF_77853,FairFace,FairFace/train/77853.jpg,White,Female,3-9,train
UTK_32_0_0_20170117120858247.jpg.chip,UTKFace,UTKFace/32_0_0_20170117120858247.jpg.chip.jpg,White,Male,,train
FF_4130,FairFace,FairFace/val/4130.jpg,White,Male,30-39,train
FF_10529,FairFace,FairFace/val/10529.jpg,White,Female,60-69,train
FF_5389,FairFace,FairFace/val/5389.jpg,White,Male,50-59,train
FF_16664,FairFace,FairFace/train/16664.jpg,White,Female,50-59,train
FF_43103,FairFace,FairFace/train/43103.jpg,White,Male,30-39,train
FF_53178,FairFace,FairFace/train/53178.jpg,White,Male,20-29,train
FF_14573,FairFace,FairFace/train/14573.jpg,White,Male,20-29,train
FF_31712,FairFace,FairFace/train/31712.jpg,White,Male,40-49,train
FF_32839,FairFace,FairFace/train/32839.jpg,White,Male,50-59,train
FF_83157,FairFace,FairFace/train/83157.jpg,White,Female,0-2,train
FF_51793,FairFace,FairFace/train/51793.jpg,White,Male,30-39,train
FF_8944,FairFace,FairFace/val/8944.jpg,White,Male,0-2,train
FF_23245,FairFace,FairFace/train/23245.jpg,White,Male,20-29,train
FF_82360,FairFace,FairFace/train/82360.jpg,White,Male,50-59,train
FF_84552,FairFace,FairFace/train/84552.jpg,White,Male,40-49,train
FF_24082,FairFace,FairFace/train/24082.jpg,White,Male,30-39,train
UTK_87_0_0_20170110183538244.jpg.chip,UTKFace,UTKFace/87_0_0_20170110183538244.jpg.chip.jpg,White,Male,,train
FF_39534,FairFace,FairFace/train/39534.jpg,White,Female,30-39,train
FF_34696,FairFace,FairFace/train/34696.jpg,White,Male,20-29,train
FF_58032,FairFace,FairFace/train/58032.jpg,White,Male,more than 70,train
UTK_31_1_0_20170103182528433.jpg.chip,UTKFace,UTKFace/31_1_0_20170103182528433.jpg.chip.jpg,White,Female,,train
FF_78172,FairFace,FairFace/train/78172.jpg,White,Male,20-29,train
FF_19575,FairFace,FairFace/train/19575.jpg,White,Female,40-49,train
FF_6610,FairFace,FairFace/train/6610.jpg,White,Male,30-39,train
FF_10124,FairFace,FairFace/val/10124.jpg,White,Male,40-49,train
FF_54690,FairFace,FairFace/train/54690.jpg,White,Female,20-29,train
FF_24229,FairFace,FairFace/train/24229.jpg,White,Female,10-19,train
FF_286,FairFace,FairFace/val/286.jpg,White,Female,20-29,train
FF_46456,FairFace,FairFace/train/46456.jpg,White,Female,30-39,train
UTK_52_0_0_20170105173619725.jpg.chip,UTKFace,UTKFace/52_0_0_20170105173619725.jpg.chip.jpg,White,Male,,train
FF_86106,FairFace,FairFace/train/86106.jpg,White,Female,20-29,train
FF_3881,FairFace,FairFace/train/3881.jpg,White,Male,40-49,train
FF_85438,FairFace,FairFace/train/85438.jpg,White,Male,30-39,train
FF_40727,FairFace,FairFace/train/40727.jpg,White,Male,50-59,train
FF_83786,FairFace,FairFace/train/83786.jpg,White,Male,40-49,train
FF_605,FairFace,FairFace/val/605.jpg,White,Male,3-9,train
FF_5410,FairFace,FairFace/val/5410.jpg,White,Male,50-59,train
FF_70628,FairFace,FairFace/train/70628.jpg,White,Male,40-49,train
FF_73140,FairFace,FairFace/train/73140.jpg,White,Male,30-39,train
FF_65463,FairFace,FairFace/train/65463.jpg,White,Male,50-59,train
FF_80518,FairFace,FairFace/train/80518.jpg,White,Male,30-39,train
FF_23038,FairFace,FairFace/train/23038.jpg,White,Male,40-49,train
FF_33027,FairFace,FairFace/train/33027.jpg,White,Male,50-59,train
FF_4508,FairFace,FairFace/train/4508.jpg,White,Female,30-39,train
FF_48143,FairFace,FairFace/train/48143.jpg,White,Female,30-39,train
UTK_67_0_0_20170120230048298.jpg.chip,UTKFace,UTKFace/67_0_0_20170120230048298.jpg.chip.jpg,White,Male,,train
FF_563,FairFace,FairFace/train/563.jpg,White,Female,10-19,train
FF_12807,FairFace,FairFace/train/12807.jpg,White,Male,50-59,train
FF_64829,FairFace,FairFace/train/64829.jpg,White,Female,40-49,train
FF_34028,FairFace,FairFace/train/34028.jpg,White,Male,20-29,train
FF_35967,FairFace,FairFace/train/35967.jpg,White,Male,40-49,train
FF_37458,FairFace,FairFace/train/37458.jpg,White,Male,20-29,train
FF_26641,FairFace,FairFace/train/26641.jpg,White,Male,30-39,train
FF_85106,FairFace,FairFace/train/85106.jpg,White,Male,20-29,train
UTK_68_0_0_20170117184556032.jpg.chip,UTKFace,UTKFace/68_0_0_20170117184556032.jpg.chip.jpg,White,Male,,train
FF_22287,FairFace,FairFace/train/22287.jpg,White,Male,30-39,train
FF_84978,FairFace,FairFace/train/84978.jpg,White,Male,40-49,train
FF_4105,FairFace,FairFace/val/4105.jpg,White,Female,50-59,train
FF_15607,FairFace,FairFace/train/15607.jpg,White,Male,20-29,train
FF_70368,FairFace,FairFace/train/70368.jpg,White,Male,20-29,train
UTK_83_0_0_20170120225615281.jpg.chip,UTKFace,UTKFace/83_0_0_20170120225615281.jpg.chip.jpg,White,Male,,train
FF_27966,FairFace,FairFace/train/27966.jpg,Black,Male,60-69,val
FF_20456,FairFace,FairFace/train/20456.jpg,Black,Female,20-29,val
UTK_89_0_1_20170117182437361.jpg.chip,UTKFace,UTKFace/89_0_1_20170117182437361.jpg.chip.jpg,Black,Male,,val
FF_7587,FairFace,FairFace/val/7587.jpg,Black,Female,30-39,val
FF_17434,FairFace,FairFace/train/17434.jpg,Black,Female,3-9,val
FF_21698,FairFace,FairFace/train/21698.jpg,Black,Female,30-39,val
UTK_32_0_1_20170113141930308.jpg.chip,UTKFace,UTKFace/32_0_1_20170113141930308.jpg.chip.jpg,Black,Male,,val
FF_66631,FairFace,FairFace/train/66631.jpg,Black,Male,3-9,val
UTK_38_1_1_20170116223044761.jpg.chip,UTKFace,UTKFace/38_1_1_20170116223044761.jpg.chip.jpg,Black,Female,,val
FF_22182,FairFace,FairFace/train/22182.jpg,Black,Male,3-9,val
FF_24756,FairFace,FairFace/train/24756.jpg,Black,Female,10-19,val
UTK_15_1_1_20170112191208424.jpg.chip,UTKFace,UTKFace/15_1_1_20170112191208424.jpg.chip.jpg,Black,Female,,val
FF_15108,FairFace,FairFace/train/15108.jpg,Black,Female,30-39,val
FF_73596,FairFace,FairFace/train/73596.jpg,Black,Male,30-39,val
FF_23490,FairFace,FairFace/train/23490.jpg,Black,Female,3-9,val
FF_10141,FairFace,FairFace/train/10141.jpg,Black,Male,3-9,val
FF_5405,FairFace,FairFace/train/5405.jpg,Black,Female,20-29,val
FF_10650,FairFace,FairFace/val/10650.jpg,Black,Female,40-49,val
FF_45315,FairFace,FairFace/train/45315.jpg,Black,Male,40-49,val
UTK_22_1_2_20170116172706771.jpg.chip,UTKFace,UTKFace/22_1_2_20170116172706771.jpg.chip.jpg,EastAsian,Female,,val
UTK_1_0_2_20161219155349310.jpg.chip,UTKFace,UTKFace/1_0_2_20161219155349310.jpg.chip.jpg,EastAsian,Male,,val
UTK_42_1_2_20170107212130951.jpg.chip,UTKFace,UTKFace/42_1_2_20170107212130951.jpg.chip.jpg,EastAsian,Female,,val
UTK_2_0_2_20161219222111287.jpg.chip,UTKFace,UTKFace/2_0_2_20161219222111287.jpg.chip.jpg,EastAsian,Male,,val
UTK_40_0_2_20170116173555334.jpg.chip,UTKFace,UTKFace/40_0_2_20170116173555334.jpg.chip.jpg,EastAsian,Male,,val
UTK_3_1_2_20161219151433163.jpg.chip,UTKFace,UTKFace/3_1_2_20161219151433163.jpg.chip.jpg,EastAsian,Female,,val
UTK_29_1_2_20170116164927601.jpg.chip,UTKFace,UTKFace/29_1_2_20170116164927601.jpg.chip.jpg,EastAsian,Female,,val
UTK_2_0_2_20161219142522753.jpg.chip,UTKFace,UTKFace/2_0_2_20161219142522753.jpg.chip.jpg,EastAsian,Male,,val
UTK_35_0_2_20170105172512670.jpg.chip,UTKFace,UTKFace/35_0_2_20170105172512670.jpg.chip.jpg,EastAsian,Male,,val
UTK_89_1_2_20170110182930160.jpg.chip,UTKFace,UTKFace/89_1_2_20170110182930160.jpg.chip.jpg,EastAsian,Female,,val
UTK_24_1_2_20170116173512698.jpg.chip,UTKFace,UTKFace/24_1_2_20170116173512698.jpg.chip.jpg,EastAsian,Female,,val
UTK_23_0_2_20170116172856091.jpg.chip,UTKFace,UTKFace/23_0_2_20170116172856091.jpg.chip.jpg,EastAsian,Male,,val
UTK_90_1_2_20170110183630709.jpg.chip,UTKFace,UTKFace/90_1_2_20170110183630709.jpg.chip.jpg,EastAsian,Female,,val
UTK_24_0_2_20170116165205506.jpg.chip,UTKFace,UTKFace/24_0_2_20170116165205506.jpg.chip.jpg,EastAsian,Male,,val
UTK_2_1_2_20161219211625838.jpg.chip,UTKFace,UTKFace/2_1_2_20161219211625838.jpg.chip.jpg,EastAsian,Female,,val
UTK_26_1_2_20170116233134701.jpg.chip,UTKFace,UTKFace/26_1_2_20170116233134701.jpg.chip.jpg,EastAsian,Female,,val
UTK_1_0_2_20161219161625326.jpg.chip,UTKFace,UTKFace/1_0_2_20161219161625326.jpg.chip.jpg,EastAsian,Male,,val
UTK_28_0_2_20170116164352558.jpg.chip,UTKFace,UTKFace/28_0_2_20170116164352558.jpg.chip.jpg,EastAsian,Male,,val
UTK_48_0_2_20170117160518496.jpg.chip,UTKFace,UTKFace/48_0_2_20170117160518496.jpg.chip.jpg,EastAsian,Male,,val
UTK_28_1_3_20170104231433217.jpg.chip,UTKFace,UTKFace/28_1_3_20170104231433217.jpg.chip.jpg,SouthAsian,Female,,val
UTK_40_0_3_20170119203747574.jpg.chip,UTKFace,UTKFace/40_0_3_20170119203747574.jpg.chip.jpg,SouthAsian,Male,,val
UTK_67_0_3_20170119212010042.jpg.chip,UTKFace,UTKFace/67_0_3_20170119212010042.jpg.chip.jpg,SouthAsian,Male,,val
UTK_35_0_3_20170119201417013.jpg.chip,UTKFace,UTKFace/35_0_3_20170119201417013.jpg.chip.jpg,SouthAsian,Male,,val
UTK_17_1_3_20170119153627673.jpg.chip,UTKFace,UTKFace/17_1_3_20170119153627673.jpg.chip.jpg,SouthAsian,Female,,val
UTK_26_1_3_20170117153326979.jpg.chip,UTKFace,UTKFace/26_1_3_20170117153326979.jpg.chip.jpg,SouthAsian,Female,,val
UTK_30_0_3_20170117130709884.jpg.chip,UTKFace,UTKFace/30_0_3_20170117130709884.jpg.chip.jpg,SouthAsian,Male,,val
UTK_28_0_3_20170119194505829.jpg.chip,UTKFace,UTKFace/28_0_3_20170119194505829.jpg.chip.jpg,SouthAsian,Male,,val
UTK_26_1_3_20170119144411037.jpg.chip,UTKFace,UTKFace/26_1_3_20170119144411037.jpg.chip.jpg,SouthAsian,Female,,val
UTK_26_1_3_20170104215719454.jpg.chip,UTKFace,UTKFace/26_1_3_20170104215719454.jpg.chip.jpg,SouthAsian,Female,,val
UTK_1_1_3_20161220220214417.jpg.chip,UTKFace,UTKFace/1_1_3_20161220220214417.jpg.chip.jpg,SouthAsian,Female,,val
UTK_1_0_3_20161220144712431.jpg.chip,UTKFace,UTKFace/1_0_3_20161220144712431.jpg.chip.jpg,SouthAsian,Male,,val
UTK_43_0_3_20170104204432075.jpg.chip,UTKFace,UTKFace/43_0_3_20170104204432075.jpg.chip.jpg,SouthAsian,Male,,val
UTK_28_0_3_20170119194509114.jpg.chip,UTKFace,UTKFace/28_0_3_20170119194509114.jpg.chip.jpg,SouthAsian,Male,,val
UTK_49_1_3_20170109132625049.jpg.chip,UTKFace,UTKFace/49_1_3_20170109132625049.jpg.chip.jpg,SouthAsian,Female,,val
UTK_3_1_3_20161219230121032.jpg.chip,UTKFace,UTKFace/3_1_3_20161219230121032.jpg.chip.jpg,SouthAsian,Female,,val
UTK_26_1_3_20170119193117522.jpg.chip,UTKFace,UTKFace/26_1_3_20170119193117522.jpg.chip.jpg,SouthAsian,Female,,val
UTK_26_0_3_20170104230341769.jpg.chip,UTKFace,UTKFace/26_0_3_20170104230341769.jpg.chip.jpg,SouthAsian,Male,,val
UTK_60_0_3_20170119205502432.jpg.chip,UTKFace,UTKFace/60_0_3_20170119205502432.jpg.chip.jpg,SouthAsian,Male,,val
UTK_45_0_0_20170116212320846.jpg.chip,UTKFace,UTKFace/45_0_0_20170116212320846.jpg.chip.jpg,White,Male,,val
FF_78385,FairFace,FairFace/train/78385.jpg,White,Male,40-49,val
FF_12433,FairFace,FairFace/train/12433.jpg,White,Male,30-39,val
FF_9574,FairFace,FairFace/train/9574.jpg,White,Female,10-19,val
FF_27767,FairFace,FairFace/train/27767.jpg,White,Male,10-19,val
FF_32016,FairFace,FairFace/train/32016.jpg,White,Male,60-69,val
UTK_38_1_0_20170104201657730.jpg.chip,UTKFace,UTKFace/38_1_0_20170104201657730.jpg.chip.jpg,White,Female,,val
FF_30153,FairFace,FairFace/train/30153.jpg,White,Female,20-29,val
UTK_42_0_0_20170117154802006.jpg.chip,UTKFace,UTKFace/42_0_0_20170117154802006.jpg.chip.jpg,White,Male,,val
FF_23337,FairFace,FairFace/train/23337.jpg,White,Female,40-49,val
FF_10222,FairFace,FairFace/val/10222.jpg,White,Male,50-59,val
UTK_63_0_0_20170117194948539.jpg.chip,UTKFace,UTKFace/63_0_0_20170117194948539.jpg.chip.jpg,White,Male,,val
FF_10812,FairFace,FairFace/train/10812.jpg,White,Male,30-39,val
FF_77128,FairFace,FairFace/train/77128.jpg,White,Male,30-39,val
FF_3333,FairFace,FairFace/val/3333.jpg,White,Female,20-29,val
FF_22627,FairFace,FairFace/train/22627.jpg,White,Female,30-39,val
FF_12957,FairFace,FairFace/train/12957.jpg,White,Male,20-29,val
FF_83304,FairFace,FairFace/train/83304.jpg,White,Male,20-29,val
FF_5215,FairFace,FairFace/train/5215.jpg,White,Male,40-49,val
FF_13445,FairFace,FairFace/train/13445.jpg,Black,Female,30-39,test
UTK_26_0_1_20170117200138532.jpg.chip,UTKFace,UTKFace/26_0_1_20170117200138532.jpg.chip.jpg,Black,Male,,test
FF_50499,FairFace,FairFace/train/50499.jpg,Black,Female,20-29,test
FF_53487,FairFace,FairFace/train/53487.jpg,Black,Male,0-2,test
FF_34288,FairFace,FairFace/train/34288.jpg,Black,Male,10-19,test
FF_29922,FairFace,FairFace/train/29922.jpg,Black,Female,30-39,test
FF_45274,FairFace,FairFace/train/45274.jpg,Black,Male,10-19,test
FF_21776,FairFace,FairFace/train/21776.jpg,Black,Male,3-9,test
FF_62032,FairFace,FairFace/train/62032.jpg,Black,Male,30-39,test
FF_23894,FairFace,FairFace/train/23894.jpg,Black,Male,10-19,test
FF_61775,FairFace,FairFace/train/61775.jpg,Black,Male,40-49,test
FF_1911,FairFace,FairFace/train/1911.jpg,Black,Male,50-59,test
FF_49464,FairFace,FairFace/train/49464.jpg,Black,Male,60-69,test
FF_75259,FairFace,FairFace/train/75259.jpg,Black,Male,30-39,test
UTK_22_1_1_20170113010336430.jpg.chip,UTKFace,UTKFace/22_1_1_20170113010336430.jpg.chip.jpg,Black,Female,,test
FF_11214,FairFace,FairFace/train/11214.jpg,Black,Male,40-49,test
FF_63738,FairFace,FairFace/train/63738.jpg,Black,Female,50-59,test
FF_83192,FairFace,FairFace/train/83192.jpg,Black,Male,20-29,test
FF_45228,FairFace,FairFace/train/45228.jpg,Black,Female,10-19,test
UTK_42_0_2_20170104192610039.jpg.chip,UTKFace,UTKFace/42_0_2_20170104192610039.jpg.chip.jpg,EastAsian,Male,,test
UTK_60_1_2_20170105174330388.jpg.chip,UTKFace,UTKFace/60_1_2_20170105174330388.jpg.chip.jpg,EastAsian,Female,,test
UTK_35_0_2_20170117154550028.jpg.chip,UTKFace,UTKFace/35_0_2_20170117154550028.jpg.chip.jpg,EastAsian,Male,,test
UTK_1_1_2_20170109193557242.jpg.chip,UTKFace,UTKFace/1_1_2_20170109193557242.jpg.chip.jpg,EastAsian,Female,,test
UTK_24_1_2_20170116173507147.jpg.chip,UTKFace,UTKFace/24_1_2_20170116173507147.jpg.chip.jpg,EastAsian,Female,,test
UTK_1_0_2_20161219205717701.jpg.chip,UTKFace,UTKFace/1_0_2_20161219205717701.jpg.chip.jpg,EastAsian,Male,,test
UTK_27_1_2_20170116163739668.jpg.chip,UTKFace,UTKFace/27_1_2_20170116163739668.jpg.chip.jpg,EastAsian,Female,,test
UTK_26_1_2_20170116162412165.jpg.chip,UTKFace,UTKFace/26_1_2_20170116162412165.jpg.chip.jpg,EastAsian,Female,,test
UTK_5_0_2_20161219192249187.jpg.chip,UTKFace,UTKFace/5_0_2_20161219192249187.jpg.chip.jpg,EastAsian,Male,,test
UTK_26_1_2_20170116180302912.jpg.chip,UTKFace,UTKFace/26_1_2_20170116180302912.jpg.chip.jpg,EastAsian,Female,,test
UTK_30_0_2_20170116173546862.jpg.chip,UTKFace,UTKFace/30_0_2_20170116173546862.jpg.chip.jpg,EastAsian,Male,,test
UTK_58_0_2_20170116193604774.jpg.chip,UTKFace,UTKFace/58_0_2_20170116193604774.jpg.chip.jpg,EastAsian,Male,,test
UTK_3_1_2_20161219140959953.jpg.chip,UTKFace,UTKFace/3_1_2_20161219140959953.jpg.chip.jpg,EastAsian,Female,,test
UTK_35_0_2_20170117135017903.jpg.chip,UTKFace,UTKFace/35_0_2_20170117135017903.jpg.chip.jpg,EastAsian,Male,,test
UTK_24_1_2_20170116171657075.jpg.chip,UTKFace,UTKFace/24_1_2_20170116171657075.jpg.chip.jpg,EastAsian,Female,,test
UTK_1_0_2_20161220144957407.jpg.chip,UTKFace,UTKFace/1_0_2_20161220144957407.jpg.chip.jpg,EastAsian,Male,,test
UTK_29_1_2_20170104021748445.jpg.chip,UTKFace,UTKFace/29_1_2_20170104021748445.jpg.chip.jpg,EastAsian,Female,,test
UTK_2_0_2_20161219211219902.jpg.chip,UTKFace,UTKFace/2_0_2_20161219211219902.jpg.chip.jpg,EastAsian,Male,,test
UTK_26_1_2_20170116184731471.jpg.chip,UTKFace,UTKFace/26_1_2_20170116184731471.jpg.chip.jpg,EastAsian,Female,,test
UTK_26_1_3_20170119153452146.jpg.chip,UTKFace,UTKFace/26_1_3_20170119153452146.jpg.chip.jpg,SouthAsian,Female,,test
UTK_32_0_3_20170119200203836.jpg.chip,UTKFace,UTKFace/32_0_3_20170119200203836.jpg.chip.jpg,SouthAsian,Male,,test
UTK_63_0_3_20170119211934680.jpg.chip,UTKFace,UTKFace/63_0_3_20170119211934680.jpg.chip.jpg,SouthAsian,Male,,test
UTK_56_0_3_20170119174930466.jpg.chip,UTKFace,UTKFace/56_0_3_20170119174930466.jpg.chip.jpg,SouthAsian,Male,,test
UTK_18_1_3_20170104221936503.jpg.chip,UTKFace,UTKFace/18_1_3_20170104221936503.jpg.chip.jpg,SouthAsian,Female,,test
UTK_25_1_3_20170119172152169.jpg.chip,UTKFace,UTKFace/25_1_3_20170119172152169.jpg.chip.jpg,SouthAsian,Female,,test
UTK_34_0_3_20170119175427012.jpg.chip,UTKFace,UTKFace/34_0_3_20170119175427012.jpg.chip.jpg,SouthAsian,Male,,test
UTK_25_1_3_20170104222459455.jpg.chip,UTKFace,UTKFace/25_1_3_20170104222459455.jpg.chip.jpg,SouthAsian,Female,,test
UTK_54_1_3_20170109140625083.jpg.chip,UTKFace,UTKFace/54_1_3_20170109140625083.jpg.chip.jpg,SouthAsian,Female,,test
UTK_32_0_3_20170119200351460.jpg.chip,UTKFace,UTKFace/32_0_3_20170119200351460.jpg.chip.jpg,SouthAsian,Male,,test
UTK_56_0_3_20170119180916188.jpg.chip,UTKFace,UTKFace/56_0_3_20170119180916188.jpg.chip.jpg,SouthAsian,Male,,test
UTK_26_1_3_20170104214236981.jpg.chip,UTKFace,UTKFace/26_1_3_20170104214236981.jpg.chip.jpg,SouthAsian,Female,,test
UTK_25_1_3_20170117151955147.jpg.chip,UTKFace,UTKFace/25_1_3_20170117151955147.jpg.chip.jpg,SouthAsian,Female,,test
UTK_16_0_3_20170110232812662.jpg.chip,UTKFace,UTKFace/16_0_3_20170110232812662.jpg.chip.jpg,SouthAsian,Male,,test
UTK_30_0_3_20170119204751837.jpg.chip,UTKFace,UTKFace/30_0_3_20170119204751837.jpg.chip.jpg,SouthAsian,Male,,test
UTK_46_0_3_20170119183449213.jpg.chip,UTKFace,UTKFace/46_0_3_20170119183449213.jpg.chip.jpg,SouthAsian,Male,,test
UTK_29_1_3_20170103214234261.jpg.chip,UTKFace,UTKFace/29_1_3_20170103214234261.jpg.chip.jpg,SouthAsian,Female,,test
UTK_56_1_3_20170109141207996.jpg.chip,UTKFace,UTKFace/56_1_3_20170109141207996.jpg.chip.jpg,SouthAsian,Female,,test
UTK_31_0_3_20170104165548728.jpg.chip,UTKFace,UTKFace/31_0_3_20170104165548728.jpg.chip.jpg,SouthAsian,Male,,test
UTK_48_0_0_20170117133115061.jpg.chip,UTKFace,UTKFace/48_0_0_20170117133115061.jpg.chip.jpg,White,Male,,test
FF_83176,FairFace,FairFace/train/83176.jpg,White,Male,3-9,test
FF_61193,FairFace,FairFace/train/61193.jpg,White,Male,more than 70,test
UTK_19_1_0_20170109214615122.jpg.chip,UTKFace,UTKFace/19_1_0_20170109214615122.jpg.chip.jpg,White,Female,,test
FF_52180,FairFace,FairFace/train/52180.jpg,White,Male,30-39,test
FF_57356,FairFace,FairFace/train/57356.jpg,White,Male,10-19,test
FF_77951,FairFace,FairFace/train/77951.jpg,White,Female,30-39,test
FF_55759,FairFace,FairFace/train/55759.jpg,White,Male,10-19,test
UTK_3_1_0_20170109192434126.jpg.chip,UTKFace,UTKFace/3_1_0_20170109192434126.jpg.chip.jpg,White,Female,,test
FF_35703,FairFace,FairFace/train/35703.jpg,White,Male,30-39,test
FF_26716,FairFace,FairFace/train/26716.jpg,White,Female,20-29,test
FF_61944,FairFace,FairFace/train/61944.jpg,White,Male,20-29,test
FF_12496,FairFace,FairFace/train/12496.jpg,White,Female,20-29,test
UTK_63_0_0_20170111195517664.jpg.chip,UTKFace,UTKFace/63_0_0_20170111195517664.jpg.chip.jpg,White,Male,,test
UTK_42_0_0_20170117185635954.jpg.chip,UTKFace,UTKFace/42_0_0_20170117185635954.jpg.chip.jpg,White,Male,,test
FF_26445,FairFace,FairFace/train/26445.jpg,White,Female,10-19,test
FF_80190,FairFace,FairFace/train/80190.jpg,White,Female,20-29,test
FF_11858,FairFace,FairFace/train/11858.jpg,White,Male,20-29,test
FF_49769,FairFace,FairFace/train/49769.jpg,White,Female,60-69,test
